Date_DD_MM_YY	Date_YYYY_MM_DD	Latitude	Longitude	Place	Value
1-Apr-54	19540401	-67.60269444	62.87380556	Mawson	1
3-Apr-54	19540403	-67.60269444	62.87380556	Mawson	90
4-Apr-54	19540404	-67.60269444	62.87380556	Mawson	200
7-Apr-54	19540407	-67.60269444	62.87380556	Mawson	280
10-Apr-54	19540410	-67.60269444	62.87380556	Mawson	340
17-Apr-54	19540417	-67.60269444	62.87380556	Mawson	440
26-Apr-54	19540426	-67.60269444	62.87380556	Mawson	560
16-May-54	19540516	-67.60269444	62.87380556	Mawson	660
29-Jun-54	19540629	-67.60269444	62.87380556	Mawson	990
27-Jul-54	19540727	-67.60269444	62.87380556	Mawson	1170
30-Aug-54	19540830	-67.60269444	62.87380556	Mawson	1350
2-Oct-54	19541002	-67.60269444	62.87380556	Mawson	1710
31-Oct-54	19541031	-67.60269444	62.87380556	Mawson	1640
2-Dec-54	19541202	-67.60269444	62.87380556	Mawson	1450
15-Dec-54	19541215	-67.60269444	62.87380556	Mawson	1330
17-Dec-54	19541217	-67.60269444	62.87380556	Mawson	1320
26-Jan-55	19550126	-67.60269444	62.87380556	Mawson	1
16-Mar-55	19550316	-67.60269444	62.87380556	Mawson	1
20-Mar-55	19550320	-67.60269444	62.87380556	Mawson	80
3-Apr-55	19550403	-67.60269444	62.87380556	Mawson	380
27-Apr-55	19550427	-67.60269444	62.87380556	Mawson	690
5-Jun-55	19550605	-67.60269444	62.87380556	Mawson	740
15-Jul-55	19550715	-67.60269444	62.87380556	Mawson	990
27-Aug-55	19550827	-67.60269444	62.87380556	Mawson	1370
25-Sep-55	19550925	-67.60269444	62.87380556	Mawson	1520
20-Oct-55	19551020	-67.60269444	62.87380556	Mawson	1460
14-Dec-55	19551214	-67.60269444	62.87380556	Mawson	1330
29-Jan-56	19560129	-67.60269444	62.87380556	Mawson	1
14-Mar-56	19560314	-67.60269444	62.87380556	Mawson	1
18-Mar-56	19560318	-67.60269444	62.87380556	Mawson	1
21-Mar-56	19560321	-67.60269444	62.87380556	Mawson	1
26-Mar-56	19560326	-67.60269444	62.87380556	Mawson	280
27-May-56	19560527	-67.60269444	62.87380556	Mawson	910
27-Nov-56	19561127	-67.60269444	62.87380556	Mawson	1360
8-Dec-56	19561208	-67.60269444	62.87380556	Mawson	1230
13-Dec-56	19561213	-67.60269444	62.87380556	Mawson	1180
16-Dec-56	19561216	-67.60269444	62.87380556	Mawson	1160
18-Dec-56	19561218	-67.60269444	62.87380556	Mawson	1030
20-Dec-56	19561220	-67.60269444	62.87380556	Mawson	960
21-Dec-56	19561221	-67.60269444	62.87380556	Mawson	880
23-Dec-56	19561223	-67.60269444	62.87380556	Mawson	740
25-Dec-56	19561225	-67.60269444	62.87380556	Mawson	670
28-Dec-56	19561228	-67.60269444	62.87380556	Mawson	600
1-Jan-57	19570101	-67.60269444	62.87380556	Mawson	550
3-Jan-57	19570103	-67.60269444	62.87380556	Mawson	520
4-Jan-57	19570104	-67.60269444	62.87380556	Mawson	500
6-Jan-57	19570106	-67.60269444	62.87380556	Mawson	470
8-Jan-57	19570108	-67.60269444	62.87380556	Mawson	380
20-Jan-57	19570120	-67.60269444	62.87380556	Mawson	1
21-Mar-57	19570321	-68.57661111	77.96738889	Davis	1
22-Mar-57	19570322	-68.57661111	77.96738889	Davis	140
23-Mar-57	19570323	-68.57661111	77.96738889	Davis	160
25-Mar-57	19570325	-68.57661111	77.96738889	Davis	230
26-Mar-57	19570326	-68.57661111	77.96738889	Davis	240
31-Mar-57	19570331	-68.57661111	77.96738889	Davis	280
31-Mar-57	19570331	-67.60269444	62.87380556	Mawson	1
6-Apr-57	19570406	-67.60269444	62.87380556	Mawson	205
7-Apr-57	19570407	-68.57661111	77.96738889	Davis	340
8-Apr-57	19570408	-67.60269444	62.87380556	Mawson	230
10-Apr-57	19570410	-67.60269444	62.87380556	Mawson	270
14-Apr-57	19570414	-68.57661111	77.96738889	Davis	390
15-Apr-57	19570415	-67.60269444	62.87380556	Mawson	420
16-Apr-57	19570416	-67.60269444	62.87380556	Mawson	430
17-Apr-57	19570417	-67.60269444	62.87380556	Mawson	450
18-Apr-57	19570418	-67.60269444	62.87380556	Mawson	465
19-Apr-57	19570419	-67.60269444	62.87380556	Mawson	475
21-Apr-57	19570421	-68.57661111	77.96738889	Davis	440
21-Apr-57	19570421	-67.60269444	62.87380556	Mawson	490
22-Apr-57	19570422	-67.60269444	62.87380556	Mawson	490
23-Apr-57	19570423	-67.60269444	62.87380556	Mawson	485
24-Apr-57	19570424	-67.60269444	62.87380556	Mawson	490
25-Apr-57	19570425	-67.60269444	62.87380556	Mawson	495
26-Apr-57	19570426	-67.60269444	62.87380556	Mawson	495
27-Apr-57	19570427	-67.60269444	62.87380556	Mawson	500
28-Apr-57	19570428	-68.57661111	77.96738889	Davis	560
28-Apr-57	19570428	-67.60269444	62.87380556	Mawson	500
29-Apr-57	19570429	-67.60269444	62.87380556	Mawson	510
30-Apr-57	19570430	-67.60269444	62.87380556	Mawson	515
1-May-57	19570501	-67.60269444	62.87380556	Mawson	535
2-May-57	19570502	-67.60269444	62.87380556	Mawson	545
3-May-57	19570503	-67.60269444	62.87380556	Mawson	565
4-May-57	19570504	-67.60269444	62.87380556	Mawson	580
5-May-57	19570505	-68.57661111	77.96738889	Davis	580
5-May-57	19570505	-67.60269444	62.87380556	Mawson	590
6-May-57	19570506	-67.60269444	62.87380556	Mawson	610
7-May-57	19570507	-67.60269444	62.87380556	Mawson	620
8-May-57	19570508	-67.60269444	62.87380556	Mawson	640
9-May-57	19570509	-67.60269444	62.87380556	Mawson	640
10-May-57	19570510	-67.60269444	62.87380556	Mawson	645
12-May-57	19570512	-68.57661111	77.96738889	Davis	720
13-May-57	19570513	-67.60269444	62.87380556	Mawson	670
14-May-57	19570514	-67.60269444	62.87380556	Mawson	685
19-May-57	19570519	-68.57661111	77.96738889	Davis	770
26-May-57	19570526	-68.57661111	77.96738889	Davis	850
31-May-57	19570531	-67.60269444	62.87380556	Mawson	845
2-Jun-57	19570602	-68.57661111	77.96738889	Davis	860
9-Jun-57	19570609	-68.57661111	77.96738889	Davis	890
10-Jun-57	19570610	-67.60269444	62.87380556	Mawson	890
19-Jun-57	19570619	-67.60269444	62.87380556	Mawson	950
23-Jun-57	19570623	-68.57661111	77.96738889	Davis	1010
6-Jul-57	19570706	-68.57661111	77.96738889	Davis	1050
12-Jul-57	19570712	-67.60269444	62.87380556	Mawson	1080
20-Jul-57	19570720	-68.57661111	77.96738889	Davis	1140
21-Jul-57	19570721	-67.60269444	62.87380556	Mawson	1180
29-Jul-57	19570729	-67.60269444	62.87380556	Mawson	1245
2-Aug-57	19570802	-67.60269444	62.87380556	Mawson	1275
3-Aug-57	19570803	-68.57661111	77.96738889	Davis	1310
9-Aug-57	19570809	-67.60269444	62.87380556	Mawson	1320
17-Aug-57	19570817	-68.57661111	77.96738889	Davis	1400
17-Aug-57	19570817	-67.60269444	62.87380556	Mawson	1365
23-Aug-57	19570823	-67.60269444	62.87380556	Mawson	1410
31-Aug-57	19570831	-68.57661111	77.96738889	Davis	1470
31-Aug-57	19570831	-67.60269444	62.87380556	Mawson	1435
14-Sep-57	19570914	-68.57661111	77.96738889	Davis	1470
14-Sep-57	19570914	-67.60269444	62.87380556	Mawson	1505
16-Sep-57	19570916	-67.60269444	62.87380556	Mawson	1510
20-Sep-57	19570920	-67.60269444	62.87380556	Mawson	1530
27-Sep-57	19570927	-68.57661111	77.96738889	Davis	1600
27-Sep-57	19570927	-67.60269444	62.87380556	Mawson	1550
4-Oct-57	19571004	-67.60269444	62.87380556	Mawson	1550
12-Oct-57	19571012	-68.57661111	77.96738889	Davis	1650
12-Oct-57	19571012	-67.60269444	62.87380556	Mawson	1545
18-Oct-57	19571018	-67.60269444	62.87380556	Mawson	1525
26-Oct-57	19571026	-68.57661111	77.96738889	Davis	1620
26-Oct-57	19571026	-67.60269444	62.87380556	Mawson	1510
1-Nov-57	19571101	-67.60269444	62.87380556	Mawson	1520
8-Nov-57	19571108	-67.60269444	62.87380556	Mawson	1480
9-Nov-57	19571109	-68.57661111	77.96738889	Davis	1690
15-Nov-57	19571115	-67.60269444	62.87380556	Mawson	1470
22-Nov-57	19571122	-67.60269444	62.87380556	Mawson	1460
23-Nov-57	19571123	-68.57661111	77.96738889	Davis	1680
30-Nov-57	19571130	-67.60269444	62.87380556	Mawson	1400
6-Dec-57	19571206	-67.60269444	62.87380556	Mawson	1370
7-Dec-57	19571207	-68.57661111	77.96738889	Davis	1540
13-Dec-57	19571213	-67.60269444	62.87380556	Mawson	1350
20-Dec-57	19571220	-67.60269444	62.87380556	Mawson	1270
8-Jan-58	19580108	-67.60269444	62.87380556	Mawson	1156
14-Jan-58	19580114	-67.60269444	62.87380556	Mawson	1041
17-Jan-58	19580117	-67.60269444	62.87380556	Mawson	1029
21-Jan-58	19580121	-67.60269444	62.87380556	Mawson	927
28-Jan-58	19580128	-67.60269444	62.87380556	Mawson	889
29-Jan-58	19580129	-67.60269444	62.87380556	Mawson	1
2-Feb-58	19580202	-67.60269444	62.87380556	Mawson	845
6-Feb-58	19580206	-67.60269444	62.87380556	Mawson	810
11-Feb-58	19580211	-67.60269444	62.87380556	Mawson	724
9-Mar-58	19580309	-68.57661111	77.96738889	Davis	1
17-Mar-58	19580317	-68.57661111	77.96738889	Davis	102
25-Mar-58	19580325	-68.57661111	77.96738889	Davis	178
30-Mar-58	19580330	-68.57661111	77.96738889	Davis	1
2-Apr-58	19580402	-67.60269444	62.87380556	Mawson	1
3-Apr-58	19580403	-68.57661111	77.96738889	Davis	1
4-Apr-58	19580404	-67.60269444	62.87380556	Mawson	80
7-Apr-58	19580407	-68.57661111	77.96738889	Davis	191
11-Apr-58	19580411	-68.57661111	77.96738889	Davis	305
18-Apr-58	19580418	-68.57661111	77.96738889	Davis	368
22-Apr-58	19580422	-68.57661111	77.96738889	Davis	406
25-Apr-58	19580425	-68.57661111	77.96738889	Davis	445
29-Apr-58	19580429	-68.57661111	77.96738889	Davis	533
30-Apr-58	19580430	-67.60269444	62.87380556	Mawson	686
2-May-58	19580502	-68.57661111	77.96738889	Davis	584
7-May-58	19580507	-67.60269444	62.87380556	Mawson	749
14-May-58	19580514	-67.60269444	62.87380556	Mawson	775
16-May-58	19580516	-68.57661111	77.96738889	Davis	673
21-May-58	19580521	-67.60269444	62.87380556	Mawson	864
28-May-58	19580528	-67.60269444	62.87380556	Mawson	916
30-May-58	19580530	-68.57661111	77.96738889	Davis	762
9-Jun-58	19580609	-67.60269444	62.87380556	Mawson	972
13-Jun-58	19580613	-68.57661111	77.96738889	Davis	889
18-Jun-58	19580618	-67.60269444	62.87380556	Mawson	1016
27-Jun-58	19580627	-68.57661111	77.96738889	Davis	1003
5-Jul-58	19580705	-67.60269444	62.87380556	Mawson	1086
9-Jul-58	19580709	-67.60269444	62.87380556	Mawson	1080
11-Jul-58	19580711	-68.57661111	77.96738889	Davis	1092
16-Jul-58	19580716	-67.60269444	62.87380556	Mawson	1099
17-Jul-58	19580717	-68.57661111	77.96738889	Davis	1143
23-Jul-58	19580723	-67.60269444	62.87380556	Mawson	1130
26-Jul-58	19580726	-68.57661111	77.96738889	Davis	1168
30-Jul-58	19580730	-67.60269444	62.87380556	Mawson	1181
6-Aug-58	19580806	-67.60269444	62.87380556	Mawson	1226
8-Aug-58	19580808	-68.57661111	77.96738889	Davis	1283
13-Aug-58	19580813	-67.60269444	62.87380556	Mawson	1257
20-Aug-58	19580820	-67.60269444	62.87380556	Mawson	1283
22-Aug-58	19580822	-68.57661111	77.96738889	Davis	1372
29-Aug-58	19580829	-67.60269444	62.87380556	Mawson	1340
3-Sep-58	19580903	-67.60269444	62.87380556	Mawson	1372
5-Sep-58	19580905	-68.57661111	77.96738889	Davis	1486
10-Sep-58	19580910	-67.60269444	62.87380556	Mawson	1372
19-Sep-58	19580919	-67.60269444	62.87380556	Mawson	1429
20-Sep-58	19580920	-68.57661111	77.96738889	Davis	1549
24-Sep-58	19580924	-67.60269444	62.87380556	Mawson	1448
1-Oct-58	19581001	-67.60269444	62.87380556	Mawson	1473
7-Oct-58	19581007	-68.57661111	77.96738889	Davis	1664
8-Oct-58	19581008	-67.60269444	62.87380556	Mawson	1486
15-Oct-58	19581015	-67.60269444	62.87380556	Mawson	1499
22-Oct-58	19581022	-67.60269444	62.87380556	Mawson	1499
29-Oct-58	19581029	-67.60269444	62.87380556	Mawson	1486
5-Nov-58	19581105	-67.60269444	62.87380556	Mawson	1467
12-Nov-58	19581112	-67.60269444	62.87380556	Mawson	1441
19-Nov-58	19581119	-67.60269444	62.87380556	Mawson	1416
26-Nov-58	19581126	-67.60269444	62.87380556	Mawson	1391
3-Dec-58	19581203	-67.60269444	62.87380556	Mawson	1359
11-Dec-58	19581211	-67.60269444	62.87380556	Mawson	1321
17-Dec-58	19581217	-67.60269444	62.87380556	Mawson	1295
24-Dec-58	19581224	-67.60269444	62.87380556	Mawson	1264
31-Dec-58	19581231	-67.60269444	62.87380556	Mawson	1213
27-Mar-62	19620327	-67.60269444	62.87380556	Mawson	1
29-Mar-62	19620329	-67.60269444	62.87380556	Mawson	129
30-Mar-62	19620330	-67.60269444	62.87380556	Mawson	167
31-Mar-62	19620331	-67.60269444	62.87380556	Mawson	190
10-Apr-62	19620410	-67.60269444	62.87380556	Mawson	372
19-Jul-62	19620719	-67.60269444	62.87380556	Mawson	1240
24-Jul-62	19620724	-67.60269444	62.87380556	Mawson	1260
29-Jul-62	19620729	-67.60269444	62.87380556	Mawson	1284
3-Aug-62	19620803	-67.60269444	62.87380556	Mawson	1318
10-Aug-62	19620810	-67.60269444	62.87380556	Mawson	1370
16-Aug-62	19620816	-67.60269444	62.87380556	Mawson	1397
22-Aug-62	19620822	-67.60269444	62.87380556	Mawson	1400
31-Aug-62	19620831	-67.60269444	62.87380556	Mawson	1450
6-Sep-62	19620906	-67.60269444	62.87380556	Mawson	1465
13-Sep-62	19620913	-67.60269444	62.87380556	Mawson	1480
16-Sep-62	19620916	-67.60269444	62.87380556	Mawson	1504
19-Sep-62	19620919	-67.60269444	62.87380556	Mawson	1506
22-Sep-62	19620922	-67.60269444	62.87380556	Mawson	1505
25-Sep-62	19620925	-67.60269444	62.87380556	Mawson	1510
28-Sep-62	19620928	-67.60269444	62.87380556	Mawson	1509
1-Oct-62	19621001	-67.60269444	62.87380556	Mawson	1509
4-Oct-62	19621004	-67.60269444	62.87380556	Mawson	1507
7-Oct-62	19621007	-67.60269444	62.87380556	Mawson	1501
10-Oct-62	19621010	-67.60269444	62.87380556	Mawson	1494
13-Oct-62	19621013	-67.60269444	62.87380556	Mawson	1490
16-Oct-62	19621016	-67.60269444	62.87380556	Mawson	1484
19-Oct-62	19621019	-67.60269444	62.87380556	Mawson	1488
22-Oct-62	19621022	-67.60269444	62.87380556	Mawson	1484
25-Oct-62	19621025	-67.60269444	62.87380556	Mawson	1483
28-Oct-62	19621028	-67.60269444	62.87380556	Mawson	1478
31-Oct-62	19621031	-67.60269444	62.87380556	Mawson	1475
3-Nov-62	19621103	-67.60269444	62.87380556	Mawson	1472
6-Nov-62	19621106	-67.60269444	62.87380556	Mawson	1460
9-Nov-62	19621109	-67.60269444	62.87380556	Mawson	1457
12-Nov-62	19621112	-67.60269444	62.87380556	Mawson	1445
16-Nov-62	19621116	-67.60269444	62.87380556	Mawson	1437
18-Nov-62	19621118	-67.60269444	62.87380556	Mawson	1423
21-Nov-62	19621121	-67.60269444	62.87380556	Mawson	1418
25-Nov-62	19621125	-67.60269444	62.87380556	Mawson	1406
27-Nov-62	19621127	-67.60269444	62.87380556	Mawson	1405
30-Nov-62	19621130	-67.60269444	62.87380556	Mawson	1393
3-Dec-62	19621203	-67.60269444	62.87380556	Mawson	1376
6-Dec-62	19621206	-67.60269444	62.87380556	Mawson	1365
7-Dec-62	19621207	-67.60269444	62.87380556	Mawson	1359
22-Jan-63	19630122	-67.60269444	62.87380556	Mawson	1
25-Mar-65	19650325	-67.60269444	62.87380556	Mawson	1
1-Apr-65	19650401	-67.60269444	62.87380556	Mawson	220
6-Apr-65	19650406	-67.60269444	62.87380556	Mawson	320
10-Apr-65	19650410	-67.60269444	62.87380556	Mawson	380
15-Apr-65	19650415	-67.60269444	62.87380556	Mawson	450
20-Apr-65	19650420	-67.60269444	62.87380556	Mawson	500
25-Apr-65	19650425	-67.60269444	62.87380556	Mawson	550
30-Apr-65	19650430	-67.60269444	62.87380556	Mawson	580
5-May-65	19650505	-67.60269444	62.87380556	Mawson	610
10-May-65	19650510	-67.60269444	62.87380556	Mawson	1
14-May-65	19650514	-67.60269444	62.87380556	Mawson	1
15-May-65	19650515	-67.60269444	62.87380556	Mawson	50
16-May-65	19650516	-67.60269444	62.87380556	Mawson	100
18-May-65	19650518	-67.60269444	62.87380556	Mawson	200
20-May-65	19650520	-67.60269444	62.87380556	Mawson	280
25-May-65	19650525	-67.60269444	62.87380556	Mawson	370
30-May-65	19650530	-67.60269444	62.87380556	Mawson	420
10-Jun-65	19650610	-67.60269444	62.87380556	Mawson	530
20-Jun-65	19650620	-67.60269444	62.87380556	Mawson	680
30-Jun-65	19650630	-67.60269444	62.87380556	Mawson	840
10-Jul-65	19650710	-67.60269444	62.87380556	Mawson	940
21-Jul-65	19650721	-67.60269444	62.87380556	Mawson	1030
30-Jul-65	19650730	-67.60269444	62.87380556	Mawson	1120
9-Aug-65	19650809	-67.60269444	62.87380556	Mawson	1180
14-Aug-65	19650814	-67.60269444	62.87380556	Mawson	1210
19-Aug-65	19650819	-67.60269444	62.87380556	Mawson	1240
25-Aug-65	19650825	-67.60269444	62.87380556	Mawson	1260
30-Aug-65	19650830	-67.60269444	62.87380556	Mawson	1270
10-Sep-65	19650910	-67.60269444	62.87380556	Mawson	1300
20-Sep-65	19650920	-67.60269444	62.87380556	Mawson	1330
1-Oct-65	19651001	-67.60269444	62.87380556	Mawson	1350
10-Oct-65	19651010	-67.60269444	62.87380556	Mawson	1350
12-Oct-65	19651012	-67.60269444	62.87380556	Mawson	1350
13-Oct-65	19651013	-67.60269444	62.87380556	Mawson	1350
20-Oct-65	19651020	-67.60269444	62.87380556	Mawson	1340
25-Oct-65	19651025	-67.60269444	62.87380556	Mawson	1330
30-Oct-65	19651030	-67.60269444	62.87380556	Mawson	1320
1-Nov-65	19651101	-67.60269444	62.87380556	Mawson	1320
15-Nov-65	19651115	-67.60269444	62.87380556	Mawson	1310
7-Apr-67	19670407	-67.60269444	62.87380556	Mawson	1
9-Apr-67	19670409	-67.60269444	62.87380556	Mawson	40
10-Apr-67	19670410	-67.60269444	62.87380556	Mawson	80
12-Apr-67	19670412	-67.60269444	62.87380556	Mawson	120
13-Apr-67	19670413	-67.60269444	62.87380556	Mawson	150
15-Apr-67	19670415	-67.60269444	62.87380556	Mawson	200
19-Apr-67	19670419	-67.60269444	62.87380556	Mawson	380
20-Apr-67	19670420	-67.60269444	62.87380556	Mawson	420
30-Apr-67	19670430	-67.60269444	62.87380556	Mawson	460
3-May-67	19670503	-67.60269444	62.87380556	Mawson	520
11-May-67	19670511	-67.60269444	62.87380556	Mawson	560
17-May-67	19670517	-67.60269444	62.87380556	Mawson	630
25-May-67	19670525	-67.60269444	62.87380556	Mawson	700
31-May-67	19670531	-67.60269444	62.87380556	Mawson	710
8-Jun-67	19670608	-67.60269444	62.87380556	Mawson	750
15-Jun-67	19670615	-67.60269444	62.87380556	Mawson	880
30-Jun-67	19670630	-67.60269444	62.87380556	Mawson	940
5-Jul-67	19670705	-67.60269444	62.87380556	Mawson	970
12-Jul-67	19670712	-67.60269444	62.87380556	Mawson	1020
19-Jul-67	19670719	-67.60269444	62.87380556	Mawson	1050
28-Jul-67	19670728	-67.60269444	62.87380556	Mawson	1080
31-Jul-67	19670731	-67.60269444	62.87380556	Mawson	1110
3-Aug-67	19670803	-67.60269444	62.87380556	Mawson	1140
10-Aug-67	19670810	-67.60269444	62.87380556	Mawson	1200
16-Aug-67	19670816	-67.60269444	62.87380556	Mawson	1240
25-Aug-67	19670825	-67.60269444	62.87380556	Mawson	1280
31-Aug-67	19670831	-67.60269444	62.87380556	Mawson	1330
6-Sep-67	19670906	-67.60269444	62.87380556	Mawson	1330
13-Sep-67	19670913	-67.60269444	62.87380556	Mawson	1350
21-Sep-67	19670921	-67.60269444	62.87380556	Mawson	1360
4-Oct-67	19671004	-67.60269444	62.87380556	Mawson	1380
11-Oct-67	19671011	-67.60269444	62.87380556	Mawson	1380
18-Oct-67	19671018	-67.60269444	62.87380556	Mawson	1360
25-Oct-67	19671025	-67.60269444	62.87380556	Mawson	1360
1-Nov-67	19671101	-67.60269444	62.87380556	Mawson	1350
9-Nov-67	19671109	-67.60269444	62.87380556	Mawson	1340
15-Nov-67	19671115	-67.60269444	62.87380556	Mawson	1320
22-Nov-67	19671122	-67.60269444	62.87380556	Mawson	1280
30-Nov-67	19671130	-67.60269444	62.87380556	Mawson	1250
7-Dec-67	19671207	-67.60269444	62.87380556	Mawson	1210
13-Dec-67	19671213	-67.60269444	62.87380556	Mawson	1150
19-Dec-67	19671219	-67.60269444	62.87380556	Mawson	1060
7-Jan-68	19680107	-67.60269444	62.87380556	Mawson	1
25-Mar-69	19690325	-67.60269444	62.87380556	Mawson	1
26-Mar-69	19690326	-67.60269444	62.87380556	Mawson	40
27-Mar-69	19690327	-67.60269444	62.87380556	Mawson	110
30-Mar-69	19690330	-67.60269444	62.87380556	Mawson	1
14-Apr-69	19690414	-67.60269444	62.87380556	Mawson	1
15-Apr-69	19690415	-67.60269444	62.87380556	Mawson	100
19-Apr-69	19690419	-67.60269444	62.87380556	Mawson	230
22-Apr-69	19690422	-67.60269444	62.87380556	Mawson	304
23-Apr-69	19690423	-67.60269444	62.87380556	Mawson	332
24-Apr-69	19690424	-67.60269444	62.87380556	Mawson	357
26-Apr-69	19690426	-67.60269444	62.87380556	Mawson	395
28-Apr-69	19690428	-67.60269444	62.87380556	Mawson	434
29-Apr-69	19690429	-67.60269444	62.87380556	Mawson	453
6-May-69	19690506	-67.60269444	62.87380556	Mawson	543
8-May-69	19690508	-67.60269444	62.87380556	Mawson	560
14-May-69	19690514	-67.60269444	62.87380556	Mawson	587
16-May-69	19690516	-67.60269444	62.87380556	Mawson	611
21-May-69	19690521	-67.60269444	62.87380556	Mawson	636
22-May-69	19690522	-67.60269444	62.87380556	Mawson	643
26-May-69	19690526	-67.60269444	62.87380556	Mawson	670
28-May-69	19690528	-67.60269444	62.87380556	Mawson	685
2-Jun-69	19690602	-67.60269444	62.87380556	Mawson	717
3-Jun-69	19690603	-67.60269444	62.87380556	Mawson	736
7-Jun-69	19690607	-67.60269444	62.87380556	Mawson	761
9-Jun-69	19690609	-67.60269444	62.87380556	Mawson	784
11-Jun-69	19690611	-67.60269444	62.87380556	Mawson	782
12-Jun-69	19690612	-67.60269444	62.87380556	Mawson	786
13-Jun-69	19690613	-67.60269444	62.87380556	Mawson	793
17-Jun-69	19690617	-67.60269444	62.87380556	Mawson	826
18-Jun-69	19690618	-67.60269444	62.87380556	Mawson	823
19-Jun-69	19690619	-67.60269444	62.87380556	Mawson	827
20-Jun-69	19690620	-67.60269444	62.87380556	Mawson	840
23-Jun-69	19690623	-67.60269444	62.87380556	Mawson	865
27-Jun-69	19690627	-67.60269444	62.87380556	Mawson	881
30-Jun-69	19690630	-67.60269444	62.87380556	Mawson	914
1-Jul-69	19690701	-67.60269444	62.87380556	Mawson	926
3-Jul-69	19690703	-67.60269444	62.87380556	Mawson	936
4-Jul-69	19690704	-67.60269444	62.87380556	Mawson	954
5-Jul-69	19690705	-67.60269444	62.87380556	Mawson	956
7-Jul-69	19690707	-67.60269444	62.87380556	Mawson	974
8-Jul-69	19690708	-67.60269444	62.87380556	Mawson	970
9-Jul-69	19690709	-67.60269444	62.87380556	Mawson	982
11-Jul-69	19690711	-67.60269444	62.87380556	Mawson	992
12-Jul-69	19690712	-67.60269444	62.87380556	Mawson	1004
15-Jul-69	19690715	-67.60269444	62.87380556	Mawson	1034
16-Jul-69	19690716	-67.60269444	62.87380556	Mawson	1060
18-Jul-69	19690718	-67.60269444	62.87380556	Mawson	1058
21-Jul-69	19690721	-67.60269444	62.87380556	Mawson	1082
23-Jul-69	19690723	-67.60269444	62.87380556	Mawson	1099
25-Jul-69	19690725	-67.60269444	62.87380556	Mawson	1112
26-Jul-69	19690726	-67.60269444	62.87380556	Mawson	1130
30-Jul-69	19690730	-67.60269444	62.87380556	Mawson	1144
31-Jul-69	19690731	-67.60269444	62.87380556	Mawson	1145
2-Aug-69	19690802	-67.60269444	62.87380556	Mawson	1155
5-Aug-69	19690805	-67.60269444	62.87380556	Mawson	1156
8-Aug-69	19690808	-67.60269444	62.87380556	Mawson	1169
9-Aug-69	19690809	-67.60269444	62.87380556	Mawson	1175
12-Aug-69	19690812	-67.60269444	62.87380556	Mawson	1192
14-Aug-69	19690814	-67.60269444	62.87380556	Mawson	1200
17-Aug-69	19690817	-67.60269444	62.87380556	Mawson	1223
19-Aug-69	19690819	-67.60269444	62.87380556	Mawson	1236
22-Aug-69	19690822	-67.60269444	62.87380556	Mawson	1246
28-Aug-69	19690828	-67.60269444	62.87380556	Mawson	1255
30-Aug-69	19690830	-67.60269444	62.87380556	Mawson	1252
2-Sep-69	19690902	-67.60269444	62.87380556	Mawson	1254
3-Sep-69	19690903	-67.60269444	62.87380556	Mawson	1272
4-Sep-69	19690904	-67.60269444	62.87380556	Mawson	1272
6-Sep-69	19690906	-67.60269444	62.87380556	Mawson	1287
9-Sep-69	19690909	-67.60269444	62.87380556	Mawson	1294
10-Sep-69	19690910	-67.60269444	62.87380556	Mawson	1290
11-Sep-69	19690911	-67.60269444	62.87380556	Mawson	1293
12-Sep-69	19690912	-67.60269444	62.87380556	Mawson	1293
15-Sep-69	19690915	-67.60269444	62.87380556	Mawson	1305
18-Sep-69	19690918	-67.60269444	62.87380556	Mawson	1302
19-Sep-69	19690919	-67.60269444	62.87380556	Mawson	1293
20-Sep-69	19690920	-67.60269444	62.87380556	Mawson	1304
22-Sep-69	19690922	-67.60269444	62.87380556	Mawson	1290
24-Sep-69	19690924	-67.60269444	62.87380556	Mawson	1303
26-Sep-69	19690926	-67.60269444	62.87380556	Mawson	1293
27-Sep-69	19690927	-67.60269444	62.87380556	Mawson	1303
30-Sep-69	19690930	-67.60269444	62.87380556	Mawson	1300
1-Oct-69	19691001	-67.60269444	62.87380556	Mawson	1305
4-Oct-69	19691004	-67.60269444	62.87380556	Mawson	1305
6-Oct-69	19691006	-67.60269444	62.87380556	Mawson	1308
8-Oct-69	19691008	-67.60269444	62.87380556	Mawson	1303
9-Oct-69	19691009	-67.60269444	62.87380556	Mawson	1308
11-Oct-69	19691011	-67.60269444	62.87380556	Mawson	1302
13-Oct-69	19691013	-67.60269444	62.87380556	Mawson	1298
14-Oct-69	19691014	-67.60269444	62.87380556	Mawson	1297
16-Oct-69	19691016	-67.60269444	62.87380556	Mawson	1296
17-Oct-69	19691017	-67.60269444	62.87380556	Mawson	1296
21-Oct-69	19691021	-67.60269444	62.87380556	Mawson	1290
22-Oct-69	19691022	-67.60269444	62.87380556	Mawson	1289
24-Oct-69	19691024	-67.60269444	62.87380556	Mawson	1287
27-Oct-69	19691027	-67.60269444	62.87380556	Mawson	1285
28-Oct-69	19691028	-67.60269444	62.87380556	Mawson	1281
30-Oct-69	19691030	-67.60269444	62.87380556	Mawson	1283
1-Nov-69	19691101	-67.60269444	62.87380556	Mawson	1278
3-Nov-69	19691103	-67.60269444	62.87380556	Mawson	1272
4-Nov-69	19691104	-67.60269444	62.87380556	Mawson	1270
5-Nov-69	19691105	-67.60269444	62.87380556	Mawson	1268
6-Nov-69	19691106	-67.60269444	62.87380556	Mawson	1263
7-Nov-69	19691107	-67.60269444	62.87380556	Mawson	1258
10-Nov-69	19691110	-67.60269444	62.87380556	Mawson	1249
12-Nov-69	19691112	-67.60269444	62.87380556	Mawson	1248
14-Nov-69	19691114	-67.60269444	62.87380556	Mawson	1244
16-Nov-69	19691116	-67.60269444	62.87380556	Mawson	1238
18-Nov-69	19691118	-67.60269444	62.87380556	Mawson	1227
19-Nov-69	19691119	-67.60269444	62.87380556	Mawson	1226
1-Dec-69	19691201	-67.60269444	62.87380556	Mawson	1200
4-Dec-69	19691204	-67.60269444	62.87380556	Mawson	1196
5-Dec-69	19691205	-67.60269444	62.87380556	Mawson	1184
10-Dec-69	19691210	-67.60269444	62.87380556	Mawson	1170
11-Dec-69	19691211	-67.60269444	62.87380556	Mawson	1170
15-Dec-69	19691215	-67.60269444	62.87380556	Mawson	1151
16-Dec-69	19691216	-67.60269444	62.87380556	Mawson	1139
17-Dec-69	19691217	-67.60269444	62.87380556	Mawson	1138
18-Dec-69	19691218	-67.60269444	62.87380556	Mawson	1130
20-Dec-69	19691220	-67.60269444	62.87380556	Mawson	1120
22-Dec-69	19691222	-67.60269444	62.87380556	Mawson	1095
23-Dec-69	19691223	-67.60269444	62.87380556	Mawson	1087
24-Dec-69	19691224	-67.60269444	62.87380556	Mawson	1082
26-Dec-69	19691226	-67.60269444	62.87380556	Mawson	1075
30-Dec-69	19691230	-67.60269444	62.87380556	Mawson	1032
13-Jan-70	19700113	-67.60269444	62.87380556	Mawson	1
22-Mar-70	19700322	-67.60269444	62.87380556	Mawson	1
23-Mar-70	19700323	-67.60269444	62.87380556	Mawson	78
25-Mar-70	19700325	-67.60269444	62.87380556	Mawson	128
26-Mar-70	19700326	-67.60269444	62.87380556	Mawson	165
28-Mar-70	19700328	-67.60269444	62.87380556	Mawson	176
29-Mar-70	19700329	-67.60269444	62.87380556	Mawson	191
30-Mar-70	19700330	-67.60269444	62.87380556	Mawson	202
31-Mar-70	19700331	-67.60269444	62.87380556	Mawson	216
1-Apr-70	19700401	-67.60269444	62.87380556	Mawson	254
3-Apr-70	19700403	-67.60269444	62.87380556	Mawson	280
4-Apr-70	19700404	-67.60269444	62.87380556	Mawson	289
6-Apr-70	19700406	-67.60269444	62.87380556	Mawson	300
7-Apr-70	19700407	-67.60269444	62.87380556	Mawson	302
9-Apr-70	19700409	-67.60269444	62.87380556	Mawson	322
10-Apr-70	19700410	-67.60269444	62.87380556	Mawson	327
11-Apr-70	19700411	-67.60269444	62.87380556	Mawson	332
12-Apr-70	19700412	-67.60269444	62.87380556	Mawson	344
13-Apr-70	19700413	-67.60269444	62.87380556	Mawson	353
14-Apr-70	19700414	-67.60269444	62.87380556	Mawson	362
15-Apr-70	19700415	-67.60269444	62.87380556	Mawson	379
16-Apr-70	19700416	-67.60269444	62.87380556	Mawson	388
17-Apr-70	19700417	-67.60269444	62.87380556	Mawson	396
18-Apr-70	19700418	-67.60269444	62.87380556	Mawson	406
21-Apr-70	19700421	-67.60269444	62.87380556	Mawson	445
22-Apr-70	19700422	-67.60269444	62.87380556	Mawson	458
24-Apr-70	19700424	-67.60269444	62.87380556	Mawson	462
26-Apr-70	19700426	-67.60269444	62.87380556	Mawson	475
28-Apr-70	19700428	-67.60269444	62.87380556	Mawson	492
1-May-70	19700501	-67.60269444	62.87380556	Mawson	550
3-May-70	19700503	-67.60269444	62.87380556	Mawson	575
5-May-70	19700505	-67.60269444	62.87380556	Mawson	612
7-May-70	19700507	-67.60269444	62.87380556	Mawson	638
9-May-70	19700509	-67.60269444	62.87380556	Mawson	657
12-May-70	19700512	-67.60269444	62.87380556	Mawson	685
15-May-70	19700515	-67.60269444	62.87380556	Mawson	728
18-May-70	19700518	-67.60269444	62.87380556	Mawson	770
21-May-70	19700521	-67.60269444	62.87380556	Mawson	799
24-May-70	19700524	-67.60269444	62.87380556	Mawson	825
26-May-70	19700526	-67.60269444	62.87380556	Mawson	836
29-May-70	19700529	-67.60269444	62.87380556	Mawson	871
1-Jun-70	19700601	-67.60269444	62.87380556	Mawson	902
3-Jun-70	19700603	-67.60269444	62.87380556	Mawson	926
5-Jun-70	19700605	-67.60269444	62.87380556	Mawson	952
8-Jun-70	19700608	-67.60269444	62.87380556	Mawson	965
10-Jun-70	19700610	-67.60269444	62.87380556	Mawson	985
12-Jun-70	19700612	-67.60269444	62.87380556	Mawson	999
14-Jun-70	19700614	-67.60269444	62.87380556	Mawson	1012
17-Jun-70	19700617	-67.60269444	62.87380556	Mawson	1030
19-Jun-70	19700619	-67.60269444	62.87380556	Mawson	1046
21-Jun-70	19700621	-67.60269444	62.87380556	Mawson	1059
23-Jun-70	19700623	-67.60269444	62.87380556	Mawson	1074
26-Jun-70	19700626	-67.60269444	62.87380556	Mawson	1095
29-Jun-70	19700629	-67.60269444	62.87380556	Mawson	1103
1-Jul-70	19700701	-67.60269444	62.87380556	Mawson	1115
3-Jul-70	19700703	-67.60269444	62.87380556	Mawson	1127
17-Jul-70	19700717	-67.60269444	62.87380556	Mawson	1149
20-Jul-70	19700720	-67.60269444	62.87380556	Mawson	1154
23-Jul-70	19700723	-67.60269444	62.87380556	Mawson	1157
25-Jul-70	19700725	-67.60269444	62.87380556	Mawson	1160
28-Jul-70	19700728	-67.60269444	62.87380556	Mawson	1167
31-Jul-70	19700731	-67.60269444	62.87380556	Mawson	1175
3-Aug-70	19700803	-67.60269444	62.87380556	Mawson	1182
6-Aug-70	19700806	-67.60269444	62.87380556	Mawson	1192
9-Aug-70	19700809	-67.60269444	62.87380556	Mawson	1197
11-Aug-70	19700811	-67.60269444	62.87380556	Mawson	1202
14-Aug-70	19700814	-67.60269444	62.87380556	Mawson	1209
17-Aug-70	19700817	-67.60269444	62.87380556	Mawson	1214
20-Aug-70	19700820	-67.60269444	62.87380556	Mawson	1218
22-Aug-70	19700822	-67.60269444	62.87380556	Mawson	1221
26-Aug-70	19700826	-67.60269444	62.87380556	Mawson	1227
29-Aug-70	19700829	-67.60269444	62.87380556	Mawson	1230
1-Sep-70	19700901	-67.60269444	62.87380556	Mawson	1232
3-Sep-70	19700903	-67.60269444	62.87380556	Mawson	1232
5-Sep-70	19700905	-67.60269444	62.87380556	Mawson	1239
8-Sep-70	19700908	-67.60269444	62.87380556	Mawson	1241
11-Sep-70	19700911	-67.60269444	62.87380556	Mawson	1248
13-Sep-70	19700913	-67.60269444	62.87380556	Mawson	1251
16-Sep-70	19700916	-67.60269444	62.87380556	Mawson	1257
19-Sep-70	19700919	-67.60269444	62.87380556	Mawson	1265
22-Sep-70	19700922	-67.60269444	62.87380556	Mawson	1276
26-Sep-70	19700926	-67.60269444	62.87380556	Mawson	1289
29-Sep-70	19700929	-67.60269444	62.87380556	Mawson	1302
2-Oct-70	19701002	-67.60269444	62.87380556	Mawson	1309
3-Oct-70	19701003	-67.60269444	62.87380556	Mawson	1312
6-Oct-70	19701006	-67.60269444	62.87380556	Mawson	1317
9-Oct-70	19701009	-67.60269444	62.87380556	Mawson	1319
12-Oct-70	19701012	-67.60269444	62.87380556	Mawson	1321
14-Oct-70	19701014	-67.60269444	62.87380556	Mawson	1320
17-Oct-70	19701017	-67.60269444	62.87380556	Mawson	1314
19-Oct-70	19701019	-67.60269444	62.87380556	Mawson	1310
22-Oct-70	19701022	-67.60269444	62.87380556	Mawson	1308
25-Oct-70	19701025	-67.60269444	62.87380556	Mawson	1307
28-Oct-70	19701028	-67.60269444	62.87380556	Mawson	1304
31-Oct-70	19701031	-67.60269444	62.87380556	Mawson	1301
2-Nov-70	19701102	-67.60269444	62.87380556	Mawson	1294
5-Nov-70	19701105	-67.60269444	62.87380556	Mawson	1285
8-Nov-70	19701108	-67.60269444	62.87380556	Mawson	1276
11-Nov-70	19701111	-67.60269444	62.87380556	Mawson	1267
14-Nov-70	19701114	-67.60269444	62.87380556	Mawson	1260
17-Nov-70	19701117	-67.60269444	62.87380556	Mawson	1254
20-Nov-70	19701120	-67.60269444	62.87380556	Mawson	1247
23-Nov-70	19701123	-67.60269444	62.87380556	Mawson	1244
26-Nov-70	19701126	-67.60269444	62.87380556	Mawson	1235
29-Nov-70	19701129	-67.60269444	62.87380556	Mawson	1223
2-Dec-70	19701202	-67.60269444	62.87380556	Mawson	1210
5-Dec-70	19701205	-67.60269444	62.87380556	Mawson	1195
8-Dec-70	19701208	-67.60269444	62.87380556	Mawson	1170
11-Dec-70	19701211	-67.60269444	62.87380556	Mawson	1150
14-Dec-70	19701214	-67.60269444	62.87380556	Mawson	1131
7-Jan-71	19710107	-67.60269444	62.87380556	Mawson	1
23-Mar-71	19710323	-67.60269444	62.87380556	Mawson	1
28-Mar-71	19710328	-67.60269444	62.87380556	Mawson	1
1-Apr-71	19710401	-67.60269444	62.87380556	Mawson	1
13-Apr-71	19710413	-67.60269444	62.87380556	Mawson	360
18-Apr-71	19710418	-67.60269444	62.87380556	Mawson	520
21-Apr-71	19710421	-67.60269444	62.87380556	Mawson	530
25-Apr-71	19710425	-67.60269444	62.87380556	Mawson	580
28-Apr-71	19710428	-67.60269444	62.87380556	Mawson	610
5-May-71	19710505	-67.60269444	62.87380556	Mawson	670
9-May-71	19710509	-67.60269444	62.87380556	Mawson	710
12-May-71	19710512	-67.60269444	62.87380556	Mawson	740
16-May-71	19710516	-67.60269444	62.87380556	Mawson	770
19-May-71	19710519	-67.60269444	62.87380556	Mawson	800
23-May-71	19710523	-67.60269444	62.87380556	Mawson	850
26-May-71	19710526	-67.60269444	62.87380556	Mawson	900
30-May-71	19710530	-67.60269444	62.87380556	Mawson	920
2-Jun-71	19710602	-67.60269444	62.87380556	Mawson	940
6-Jun-71	19710606	-67.60269444	62.87380556	Mawson	970
9-Jun-71	19710609	-67.60269444	62.87380556	Mawson	1000
14-Jun-71	19710614	-67.60269444	62.87380556	Mawson	1040
16-Jun-71	19710616	-67.60269444	62.87380556	Mawson	1060
20-Jun-71	19710620	-67.60269444	62.87380556	Mawson	1070
23-Jun-71	19710623	-67.60269444	62.87380556	Mawson	1100
28-Jun-71	19710628	-67.60269444	62.87380556	Mawson	1130
30-Jun-71	19710630	-67.60269444	62.87380556	Mawson	1140
4-Jul-71	19710704	-67.60269444	62.87380556	Mawson	1140
7-Jul-71	19710707	-67.60269444	62.87380556	Mawson	1150
11-Jul-71	19710711	-67.60269444	62.87380556	Mawson	1170
14-Jul-71	19710714	-67.60269444	62.87380556	Mawson	1180
18-Jul-71	19710718	-67.60269444	62.87380556	Mawson	1210
21-Jul-71	19710721	-67.60269444	62.87380556	Mawson	1230
25-Jul-71	19710725	-67.60269444	62.87380556	Mawson	1250
28-Jul-71	19710728	-67.60269444	62.87380556	Mawson	1280
1-Aug-71	19710801	-67.60269444	62.87380556	Mawson	1300
11-Aug-71	19710811	-67.60269444	62.87380556	Mawson	1350
15-Aug-71	19710815	-67.60269444	62.87380556	Mawson	1360
18-Aug-71	19710818	-67.60269444	62.87380556	Mawson	1370
22-Aug-71	19710822	-67.60269444	62.87380556	Mawson	1390
25-Aug-71	19710825	-67.60269444	62.87380556	Mawson	1400
29-Aug-71	19710829	-67.60269444	62.87380556	Mawson	1400
5-Sep-71	19710905	-67.60269444	62.87380556	Mawson	1390
8-Sep-71	19710908	-67.60269444	62.87380556	Mawson	1400
12-Sep-71	19710912	-67.60269444	62.87380556	Mawson	1410
15-Sep-71	19710915	-67.60269444	62.87380556	Mawson	1410
19-Sep-71	19710919	-67.60269444	62.87380556	Mawson	1420
22-Sep-71	19710922	-67.60269444	62.87380556	Mawson	1430
26-Sep-71	19710926	-67.60269444	62.87380556	Mawson	1440
29-Sep-71	19710929	-67.60269444	62.87380556	Mawson	1440
3-Oct-71	19711003	-67.60269444	62.87380556	Mawson	1440
7-Oct-71	19711007	-67.60269444	62.87380556	Mawson	1450
11-Oct-71	19711011	-67.60269444	62.87380556	Mawson	1450
13-Oct-71	19711013	-67.60269444	62.87380556	Mawson	1450
17-Oct-71	19711017	-67.60269444	62.87380556	Mawson	1450
20-Oct-71	19711020	-67.60269444	62.87380556	Mawson	1440
24-Oct-71	19711024	-67.60269444	62.87380556	Mawson	1430
27-Oct-71	19711027	-67.60269444	62.87380556	Mawson	1430
31-Oct-71	19711031	-67.60269444	62.87380556	Mawson	1420
3-Nov-71	19711103	-67.60269444	62.87380556	Mawson	1410
7-Nov-71	19711107	-67.60269444	62.87380556	Mawson	1410
10-Nov-71	19711110	-67.60269444	62.87380556	Mawson	1400
14-Nov-71	19711114	-67.60269444	62.87380556	Mawson	1390
17-Nov-71	19711117	-67.60269444	62.87380556	Mawson	1370
21-Nov-71	19711121	-67.60269444	62.87380556	Mawson	1370
24-Nov-71	19711124	-67.60269444	62.87380556	Mawson	1350
28-Nov-71	19711128	-67.60269444	62.87380556	Mawson	1340
1-Dec-71	19711201	-67.60269444	62.87380556	Mawson	1320
5-Dec-71	19711205	-67.60269444	62.87380556	Mawson	1310
8-Dec-71	19711208	-67.60269444	62.87380556	Mawson	1270
12-Dec-71	19711212	-67.60269444	62.87380556	Mawson	1250
15-Dec-71	19711215	-67.60269444	62.87380556	Mawson	1230
19-Dec-71	19711219	-67.60269444	62.87380556	Mawson	1170
15-Jan-72	19720115	-67.60269444	62.87380556	Mawson	1
26-Mar-73	19730326	-67.60269444	62.87380556	Mawson	1
12-Apr-73	19730412	-67.60269444	62.87380556	Mawson	250
28-May-73	19730528	-67.60269444	62.87380556	Mawson	1120
9-Jun-73	19730609	-67.60269444	62.87380556	Mawson	1170
17-Sep-73	19730917	-67.60269444	62.87380556	Mawson	1460
21-Sep-73	19730921	-67.60269444	62.87380556	Mawson	1470
27-Sep-73	19730927	-67.60269444	62.87380556	Mawson	1470
7-Oct-73	19731007	-67.60269444	62.87380556	Mawson	1475
13-Nov-73	19731113	-67.60269444	62.87380556	Mawson	1260
12-Jan-74	19740112	-67.60269444	62.87380556	Mawson	1
26-Jan-74	19740126	-67.60269444	62.87380556	Mawson	1
18-Mar-74	19740318	-67.60269444	62.87380556	Mawson	1
7-Aug-74	19740807	-67.60269444	62.87380556	Mawson	1370
20-Aug-74	19740820	-67.60269444	62.87380556	Mawson	1410
3-Sep-74	19740903	-67.60269444	62.87380556	Mawson	1460
2-Oct-74	19741002	-67.60269444	62.87380556	Mawson	1530
21-Oct-74	19741021	-67.60269444	62.87380556	Mawson	1500
2-Nov-74	19741102	-67.60269444	62.87380556	Mawson	1480
2-Dec-74	19741202	-67.60269444	62.87380556	Mawson	1360
31-Dec-74	19741231	-67.60269444	62.87380556	Mawson	800
18-Jan-76	19760118	-67.60269444	62.87380556	Mawson	1
27-Mar-76	19760327	-67.60269444	62.87380556	Mawson	1
30-Mar-76	19760330	-67.60269444	62.87380556	Mawson	170
2-Apr-76	19760402	-67.60269444	62.87380556	Mawson	280
5-Apr-76	19760405	-67.60269444	62.87380556	Mawson	300
7-Apr-76	19760407	-67.60269444	62.87380556	Mawson	320
18-Apr-76	19760418	-67.60269444	62.87380556	Mawson	520
30-Apr-76	19760430	-67.60269444	62.87380556	Mawson	620
10-May-76	19760510	-67.60269444	62.87380556	Mawson	1050
15-May-76	19760515	-67.60269444	62.87380556	Mawson	820
24-May-76	19760524	-67.60269444	62.87380556	Mawson	940
31-May-76	19760531	-67.60269444	62.87380556	Mawson	1000
15-Jun-76	19760615	-67.60269444	62.87380556	Mawson	1075
25-Jun-76	19760625	-67.60269444	62.87380556	Mawson	1155
30-Jun-76	19760630	-67.60269444	62.87380556	Mawson	1175
2-Jul-76	19760702	-67.60269444	62.87380556	Mawson	1185
4-Jul-76	19760704	-67.60269444	62.87380556	Mawson	1195
7-Jul-76	19760707	-67.60269444	62.87380556	Mawson	1210
10-Jul-76	19760710	-67.60269444	62.87380556	Mawson	1225
15-Jul-76	19760715	-67.60269444	62.87380556	Mawson	1245
17-Jul-76	19760717	-67.60269444	62.87380556	Mawson	1255
20-Jul-76	19760720	-67.60269444	62.87380556	Mawson	1295
26-Jul-76	19760726	-67.60269444	62.87380556	Mawson	1313
29-Jul-76	19760729	-67.60269444	62.87380556	Mawson	1330
31-Jul-76	19760731	-67.60269444	62.87380556	Mawson	1330
2-Aug-76	19760802	-67.60269444	62.87380556	Mawson	1340
5-Aug-76	19760805	-67.60269444	62.87380556	Mawson	1355
8-Aug-76	19760808	-67.60269444	62.87380556	Mawson	1370
10-Aug-76	19760810	-67.60269444	62.87380556	Mawson	1385
13-Aug-76	19760813	-67.60269444	62.87380556	Mawson	1390
15-Aug-76	19760815	-67.60269444	62.87380556	Mawson	1400
20-Aug-76	19760820	-67.60269444	62.87380556	Mawson	1415
22-Aug-76	19760822	-67.60269444	62.87380556	Mawson	1425
25-Aug-76	19760825	-67.60269444	62.87380556	Mawson	1435
27-Aug-76	19760827	-67.60269444	62.87380556	Mawson	1445
31-Aug-76	19760831	-67.60269444	62.87380556	Mawson	1460
11-Sep-76	19760911	-67.60269444	62.87380556	Mawson	1505
13-Sep-76	19760913	-67.60269444	62.87380556	Mawson	1515
17-Sep-76	19760917	-67.60269444	62.87380556	Mawson	1535
20-Sep-76	19760920	-67.60269444	62.87380556	Mawson	1540
22-Sep-76	19760922	-67.60269444	62.87380556	Mawson	1545
24-Sep-76	19760924	-67.60269444	62.87380556	Mawson	1550
27-Sep-76	19760927	-67.60269444	62.87380556	Mawson	1555
30-Sep-76	19760930	-67.60269444	62.87380556	Mawson	1555
1-Oct-76	19761001	-67.60269444	62.87380556	Mawson	1565
3-Oct-76	19761003	-67.60269444	62.87380556	Mawson	1560
5-Oct-76	19761005	-67.60269444	62.87380556	Mawson	1570
7-Oct-76	19761007	-67.60269444	62.87380556	Mawson	1565
10-Oct-76	19761010	-67.60269444	62.87380556	Mawson	1570
13-Oct-76	19761013	-67.60269444	62.87380556	Mawson	1565
18-Oct-76	19761018	-67.60269444	62.87380556	Mawson	1565
21-Oct-76	19761021	-67.60269444	62.87380556	Mawson	1565
23-Oct-76	19761023	-67.60269444	62.87380556	Mawson	1565
25-Oct-76	19761025	-67.60269444	62.87380556	Mawson	1555
28-Oct-76	19761028	-67.60269444	62.87380556	Mawson	1560
1-Nov-76	19761101	-67.60269444	62.87380556	Mawson	1550
3-Nov-76	19761103	-67.60269444	62.87380556	Mawson	1540
5-Nov-76	19761105	-67.60269444	62.87380556	Mawson	1525
6-Nov-76	19761106	-67.60269444	62.87380556	Mawson	1515
8-Nov-76	19761108	-67.60269444	62.87380556	Mawson	1520
10-Nov-76	19761110	-67.60269444	62.87380556	Mawson	1505
13-Nov-76	19761113	-67.60269444	62.87380556	Mawson	1500
15-Nov-76	19761115	-67.60269444	62.87380556	Mawson	1500
18-Nov-76	19761118	-67.60269444	62.87380556	Mawson	1500
22-Nov-76	19761122	-67.60269444	62.87380556	Mawson	1490
25-Nov-76	19761125	-67.60269444	62.87380556	Mawson	1480
27-Nov-76	19761127	-67.60269444	62.87380556	Mawson	1480
29-Nov-76	19761129	-67.60269444	62.87380556	Mawson	1475
30-Nov-76	19761130	-67.60269444	62.87380556	Mawson	1475
3-Dec-76	19761203	-67.60269444	62.87380556	Mawson	1470
5-Dec-76	19761205	-67.60269444	62.87380556	Mawson	1460
8-Dec-76	19761208	-67.60269444	62.87380556	Mawson	1450
10-Dec-76	19761210	-67.60269444	62.87380556	Mawson	1430
18-Jan-77	19770118	-67.60269444	62.87380556	Mawson	960
19-Jan-77	19770119	-67.60269444	62.87380556	Mawson	1
18-Mar-77	19770318	-67.60269444	62.87380556	Mawson	1
19-Mar-77	19770319	-67.60269444	62.87380556	Mawson	50
22-Mar-77	19770322	-67.60269444	62.87380556	Mawson	150
23-Mar-77	19770323	-67.60269444	62.87380556	Mawson	180
24-Mar-77	19770324	-67.60269444	62.87380556	Mawson	195
25-Mar-77	19770325	-67.60269444	62.87380556	Mawson	215
27-Mar-77	19770327	-67.60269444	62.87380556	Mawson	255
28-Mar-77	19770328	-67.60269444	62.87380556	Mawson	275
29-Mar-77	19770329	-67.60269444	62.87380556	Mawson	280
30-Mar-77	19770330	-67.60269444	62.87380556	Mawson	290
31-Mar-77	19770331	-67.60269444	62.87380556	Mawson	300
1-Apr-77	19770401	-67.60269444	62.87380556	Mawson	325
15-Apr-77	19770415	-67.60269444	62.87380556	Mawson	520
22-Apr-77	19770422	-67.60269444	62.87380556	Mawson	580
23-Apr-77	19770423	-67.60269444	62.87380556	Mawson	600
4-May-77	19770504	-67.60269444	62.87380556	Mawson	750
6-May-77	19770506	-67.60269444	62.87380556	Mawson	760
27-May-77	19770527	-67.60269444	62.87380556	Mawson	900
28-Jun-77	19770628	-67.60269444	62.87380556	Mawson	1130
29-Jun-77	19770629	-67.60269444	62.87380556	Mawson	1130
4-Jul-77	19770704	-67.60269444	62.87380556	Mawson	1150
5-Jul-77	19770705	-67.60269444	62.87380556	Mawson	1150
18-Jul-77	19770718	-67.60269444	62.87380556	Mawson	1240
17-Aug-77	19770817	-67.60269444	62.87380556	Mawson	1325
16-Sep-77	19770916	-67.60269444	62.87380556	Mawson	1500
30-Sep-77	19770930	-67.60269444	62.87380556	Mawson	1510
8-Oct-77	19771008	-67.60269444	62.87380556	Mawson	1480
14-Oct-77	19771014	-67.60269444	62.87380556	Mawson	1470
22-Oct-77	19771022	-67.60269444	62.87380556	Mawson	1510
12-Nov-77	19771112	-67.60269444	62.87380556	Mawson	1450
23-Dec-77	19771223	-67.60269444	62.87380556	Mawson	1370
24-Dec-77	19771224	-67.60269444	62.87380556	Mawson	1370
16-Jan-78	19780116	-67.60269444	62.87380556	Mawson	1
22-Mar-79	19790322	-68.57661111	77.96738889	Davis	1
22-Mar-79	19790322	-67.60269444	62.87380556	Mawson	1
23-Mar-79	19790323	-67.60269444	62.87380556	Mawson	30
24-Mar-79	19790324	-68.57661111	77.96738889	Davis	165
27-Mar-79	19790327	-67.60269444	62.87380556	Mawson	115
29-Mar-79	19790329	-67.60269444	62.87380556	Mawson	1
31-Mar-79	19790331	-68.57661111	77.96738889	Davis	260
1-Apr-79	19790401	-67.60269444	62.87380556	Mawson	1
6-Apr-79	19790406	-66.28180556	110.5276111	Casey	1
8-Apr-79	19790408	-68.57661111	77.96738889	Davis	380
10-Apr-79	19790410	-66.28180556	110.5276111	Casey	100
11-Apr-79	19790411	-67.60269444	62.87380556	Mawson	295
14-Apr-79	19790414	-66.28180556	110.5276111	Casey	1
15-Apr-79	19790415	-68.57661111	77.96738889	Davis	470
19-Apr-79	19790419	-67.60269444	62.87380556	Mawson	415
22-Apr-79	19790422	-68.57661111	77.96738889	Davis	540
29-Apr-79	19790429	-68.57661111	77.96738889	Davis	500
6-May-79	19790506	-68.57661111	77.96738889	Davis	530
13-May-79	19790513	-68.57661111	77.96738889	Davis	580
20-May-79	19790520	-68.57661111	77.96738889	Davis	620
27-May-79	19790527	-68.57661111	77.96738889	Davis	770
1-Jun-79	19790601	-66.28180556	110.5276111	Casey	1
3-Jun-79	19790603	-68.57661111	77.96738889	Davis	810
5-Jun-79	19790605	-66.28180556	110.5276111	Casey	100
10-Jun-79	19790610	-68.57661111	77.96738889	Davis	850
16-Jun-79	19790616	-66.28180556	110.5276111	Casey	1
17-Jun-79	19790617	-68.57661111	77.96738889	Davis	890
24-Jun-79	19790624	-68.57661111	77.96738889	Davis	970
30-Jun-79	19790630	-68.57661111	77.96738889	Davis	1080
4-Jul-79	19790704	-66.28180556	110.5276111	Casey	1
8-Jul-79	19790708	-68.57661111	77.96738889	Davis	1100
15-Jul-79	19790715	-68.57661111	77.96738889	Davis	1160
21-Jul-79	19790721	-66.28180556	110.5276111	Casey	1
22-Jul-79	19790722	-68.57661111	77.96738889	Davis	1260
23-Jul-79	19790723	-67.60269444	62.87380556	Mawson	1285
24-Jul-79	19790724	-66.28180556	110.5276111	Casey	1
26-Jul-79	19790726	-66.28180556	110.5276111	Casey	1
26-Jul-79	19790726	-67.60269444	62.87380556	Mawson	1345
29-Jul-79	19790729	-66.28180556	110.5276111	Casey	1
29-Jul-79	19790729	-68.57661111	77.96738889	Davis	1340
5-Aug-79	19790805	-68.57661111	77.96738889	Davis	1340
7-Aug-79	19790807	-66.28180556	110.5276111	Casey	1
12-Aug-79	19790812	-68.57661111	77.96738889	Davis	1340
14-Aug-79	19790814	-67.60269444	62.87380556	Mawson	1485
19-Aug-79	19790819	-68.57661111	77.96738889	Davis	1460
26-Aug-79	19790826	-68.57661111	77.96738889	Davis	1480
2-Sep-79	19790902	-68.57661111	77.96738889	Davis	1530
3-Sep-79	19790903	-67.60269444	62.87380556	Mawson	1595
9-Sep-79	19790909	-66.28180556	110.5276111	Casey	1
9-Sep-79	19790909	-68.57661111	77.96738889	Davis	1510
11-Sep-79	19790911	-66.28180556	110.5276111	Casey	150
15-Sep-79	19790915	-67.60269444	62.87380556	Mawson	1655
16-Sep-79	19790916	-68.57661111	77.96738889	Davis	1510
19-Sep-79	19790919	-66.28180556	110.5276111	Casey	240
23-Sep-79	19790923	-68.57661111	77.96738889	Davis	1510
26-Sep-79	19790926	-66.28180556	110.5276111	Casey	360
30-Sep-79	19790930	-68.57661111	77.96738889	Davis	1510
1-Oct-79	19791001	-67.60269444	62.87380556	Mawson	1695
6-Oct-79	19791006	-66.28180556	110.5276111	Casey	420
7-Oct-79	19791007	-68.57661111	77.96738889	Davis	1490
14-Oct-79	19791014	-66.28180556	110.5276111	Casey	1
14-Oct-79	19791014	-68.57661111	77.96738889	Davis	1530
15-Oct-79	19791015	-67.60269444	62.87380556	Mawson	1705
21-Oct-79	19791021	-68.57661111	77.96738889	Davis	1560
22-Oct-79	19791022	-67.60269444	62.87380556	Mawson	1705
28-Oct-79	19791028	-68.57661111	77.96738889	Davis	1540
28-Oct-79	19791028	-67.60269444	62.87380556	Mawson	1695
6-Nov-79	19791106	-68.57661111	77.96738889	Davis	1640
8-Nov-79	19791108	-67.60269444	62.87380556	Mawson	1675
11-Nov-79	19791111	-68.57661111	77.96738889	Davis	1640
13-Nov-79	19791113	-67.60269444	62.87380556	Mawson	1670
21-Nov-79	19791121	-68.57661111	77.96738889	Davis	1660
21-Nov-79	19791121	-67.60269444	62.87380556	Mawson	1665
28-Nov-79	19791128	-68.57661111	77.96738889	Davis	1630
1-Dec-79	19791201	-67.60269444	62.87380556	Mawson	1650
5-Dec-79	19791205	-68.57661111	77.96738889	Davis	1500
12-Dec-79	19791212	-68.57661111	77.96738889	Davis	1480
20-Dec-79	19791220	-68.57661111	77.96738889	Davis	1140
24-Dec-79	19791224	-68.57661111	77.96738889	Davis	1
15-Mar-80	19800315	-68.57661111	77.96738889	Davis	1
24-Mar-80	19800324	-67.60269444	62.87380556	Mawson	1
31-Mar-80	19800331	-67.60269444	62.87380556	Mawson	213
1-Apr-80	19800401	-68.57661111	77.96738889	Davis	200
6-Apr-80	19800406	-67.60269444	62.87380556	Mawson	400
7-Apr-80	19800407	-68.57661111	77.96738889	Davis	250
7-Apr-80	19800407	-67.60269444	62.87380556	Mawson	1
13-Apr-80	19800413	-68.57661111	77.96738889	Davis	300
19-Apr-80	19800419	-68.57661111	77.96738889	Davis	350
23-Apr-80	19800423	-67.60269444	62.87380556	Mawson	1
24-Apr-80	19800424	-67.60269444	62.87380556	Mawson	50
25-Apr-80	19800425	-68.57661111	77.96738889	Davis	340
30-Apr-80	19800430	-67.60269444	62.87380556	Mawson	490
2-May-80	19800502	-67.60269444	62.87380556	Mawson	547
3-May-80	19800503	-68.57661111	77.96738889	Davis	550
10-May-80	19800510	-68.57661111	77.96738889	Davis	680
17-May-80	19800517	-68.57661111	77.96738889	Davis	680
17-May-80	19800517	-67.60269444	62.87380556	Mawson	759
24-May-80	19800524	-68.57661111	77.96738889	Davis	810
31-May-80	19800531	-68.57661111	77.96738889	Davis	1000
7-Jun-80	19800607	-66.28180556	110.5276111	Casey	370
7-Jun-80	19800607	-68.57661111	77.96738889	Davis	1050
13-Jun-80	19800613	-66.28180556	110.5276111	Casey	435
14-Jun-80	19800614	-68.57661111	77.96738889	Davis	1100
17-Jun-80	19800617	-67.60269444	62.87380556	Mawson	1075
20-Jun-80	19800620	-66.28180556	110.5276111	Casey	485
21-Jun-80	19800621	-68.57661111	77.96738889	Davis	1160
28-Jun-80	19800628	-68.57661111	77.96738889	Davis	1170
30-Jun-80	19800630	-66.28180556	110.5276111	Casey	535
5-Jul-80	19800705	-66.28180556	110.5276111	Casey	575
5-Jul-80	19800705	-68.57661111	77.96738889	Davis	1220
12-Jul-80	19800712	-68.57661111	77.96738889	Davis	1240
15-Jul-80	19800715	-66.28180556	110.5276111	Casey	750
18-Jul-80	19800718	-66.28180556	110.5276111	Casey	814
19-Jul-80	19800719	-68.57661111	77.96738889	Davis	1260
25-Jul-80	19800725	-67.60269444	62.87380556	Mawson	1275
26-Jul-80	19800726	-68.57661111	77.96738889	Davis	1280
2-Aug-80	19800802	-68.57661111	77.96738889	Davis	1310
5-Aug-80	19800805	-66.28180556	110.5276111	Casey	935
14-Aug-80	19800814	-66.28180556	110.5276111	Casey	1045
16-Aug-80	19800816	-68.57661111	77.96738889	Davis	1450
23-Aug-80	19800823	-68.57661111	77.96738889	Davis	1500
27-Aug-80	19800827	-66.28180556	110.5276111	Casey	1135
28-Aug-80	19800828	-67.60269444	62.87380556	Mawson	1505
30-Aug-80	19800830	-68.57661111	77.96738889	Davis	1520
4-Sep-80	19800904	-66.28180556	110.5276111	Casey	1170
6-Sep-80	19800906	-68.57661111	77.96738889	Davis	1580
13-Sep-80	19800913	-66.28180556	110.5276111	Casey	1210
13-Sep-80	19800913	-68.57661111	77.96738889	Davis	1590
20-Sep-80	19800920	-68.57661111	77.96738889	Davis	1630
25-Sep-80	19800925	-66.28180556	110.5276111	Casey	1320
27-Sep-80	19800927	-68.57661111	77.96738889	Davis	1670
29-Sep-80	19800929	-67.60269444	62.87380556	Mawson	1600
30-Sep-80	19800930	-66.28180556	110.5276111	Casey	1370
4-Oct-80	19801004	-68.57661111	77.96738889	Davis	1710
8-Oct-80	19801008	-66.28180556	110.5276111	Casey	1384
9-Oct-80	19801009	-67.60269444	62.87380556	Mawson	1700
11-Oct-80	19801011	-68.57661111	77.96738889	Davis	1740
14-Oct-80	19801014	-66.28180556	110.5276111	Casey	1416
18-Oct-80	19801018	-68.57661111	77.96738889	Davis	1785
23-Oct-80	19801023	-66.28180556	110.5276111	Casey	1451
25-Oct-80	19801025	-68.57661111	77.96738889	Davis	1770
28-Oct-80	19801028	-66.28180556	110.5276111	Casey	1464
1-Nov-80	19801101	-68.57661111	77.96738889	Davis	1770
3-Nov-80	19801103	-67.60269444	62.87380556	Mawson	1798
8-Nov-80	19801108	-68.57661111	77.96738889	Davis	1770
9-Nov-80	19801109	-67.60269444	62.87380556	Mawson	1795
15-Nov-80	19801115	-68.57661111	77.96738889	Davis	1770
17-Nov-80	19801117	-67.60269444	62.87380556	Mawson	1765
22-Nov-80	19801122	-68.57661111	77.96738889	Davis	1750
28-Nov-80	19801128	-67.60269444	62.87380556	Mawson	1735
29-Nov-80	19801129	-68.57661111	77.96738889	Davis	1730
2-Dec-80	19801202	-67.60269444	62.87380556	Mawson	1735
10-Dec-80	19801210	-67.60269444	62.87380556	Mawson	1695
15-Dec-80	19801215	-67.60269444	62.87380556	Mawson	1675
7-Jan-81	19810107	-67.60269444	62.87380556	Mawson	1160
13-Jan-81	19810113	-67.60269444	62.87380556	Mawson	1020
20-Jan-81	19810120	-67.60269444	62.87380556	Mawson	888
27-Jan-81	19810127	-67.60269444	62.87380556	Mawson	650
28-Jan-81	19810128	-67.60269444	62.87380556	Mawson	1
14-Mar-81	19810314	-68.57661111	77.96738889	Davis	1
21-Mar-81	19810321	-68.57661111	77.96738889	Davis	140
31-Mar-81	19810331	-68.57661111	77.96738889	Davis	305
9-Apr-81	19810409	-68.57661111	77.96738889	Davis	500
13-Apr-81	19810413	-68.57661111	77.96738889	Davis	500
20-Apr-81	19810420	-68.57661111	77.96738889	Davis	560
27-Apr-81	19810427	-68.57661111	77.96738889	Davis	605
29-Apr-81	19810429	-67.60269444	62.87380556	Mawson	600
4-May-81	19810504	-68.57661111	77.96738889	Davis	605
6-May-81	19810506	-67.60269444	62.87380556	Mawson	730
11-May-81	19810511	-68.57661111	77.96738889	Davis	655
15-May-81	19810515	-67.60269444	62.87380556	Mawson	770
18-May-81	19810518	-68.57661111	77.96738889	Davis	690
20-May-81	19810520	-67.60269444	62.87380556	Mawson	840
25-May-81	19810525	-68.57661111	77.96738889	Davis	710
29-May-81	19810529	-67.60269444	62.87380556	Mawson	900
1-Jun-81	19810601	-68.57661111	77.96738889	Davis	780
3-Jun-81	19810603	-67.60269444	62.87380556	Mawson	920
7-Jun-81	19810607	-68.57661111	77.96738889	Davis	815
10-Jun-81	19810610	-67.60269444	62.87380556	Mawson	990
16-Jun-81	19810616	-68.57661111	77.96738889	Davis	860
18-Jun-81	19810618	-67.60269444	62.87380556	Mawson	1030
23-Jun-81	19810623	-68.57661111	77.96738889	Davis	830
30-Jun-81	19810630	-68.57661111	77.96738889	Davis	990
6-Jul-81	19810706	-68.57661111	77.96738889	Davis	1060
8-Jul-81	19810708	-67.60269444	62.87380556	Mawson	1030
13-Jul-81	19810713	-68.57661111	77.96738889	Davis	1095
15-Jul-81	19810715	-67.60269444	62.87380556	Mawson	1205
20-Jul-81	19810720	-68.57661111	77.96738889	Davis	1070
27-Jul-81	19810727	-68.57661111	77.96738889	Davis	1140
31-Jul-81	19810731	-67.60269444	62.87380556	Mawson	1290
3-Aug-81	19810803	-68.57661111	77.96738889	Davis	1235
5-Aug-81	19810805	-67.60269444	62.87380556	Mawson	1300
10-Aug-81	19810810	-68.57661111	77.96738889	Davis	1235
12-Aug-81	19810812	-67.60269444	62.87380556	Mawson	1340
17-Aug-81	19810817	-68.57661111	77.96738889	Davis	1305
24-Aug-81	19810824	-68.57661111	77.96738889	Davis	1335
26-Aug-81	19810826	-67.60269444	62.87380556	Mawson	1385
31-Aug-81	19810831	-68.57661111	77.96738889	Davis	1340
4-Sep-81	19810904	-67.60269444	62.87380556	Mawson	1410
7-Sep-81	19810907	-68.57661111	77.96738889	Davis	1380
14-Sep-81	19810914	-68.57661111	77.96738889	Davis	1395
21-Sep-81	19810921	-68.57661111	77.96738889	Davis	1355
22-Sep-81	19810922	-67.60269444	62.87380556	Mawson	1475
28-Sep-81	19810928	-68.57661111	77.96738889	Davis	1435
30-Sep-81	19810930	-67.60269444	62.87380556	Mawson	1510
5-Oct-81	19811005	-68.57661111	77.96738889	Davis	1380
7-Oct-81	19811007	-67.60269444	62.87380556	Mawson	1564
12-Oct-81	19811012	-68.57661111	77.96738889	Davis	1390
14-Oct-81	19811014	-67.60269444	62.87380556	Mawson	1552
19-Oct-81	19811019	-68.57661111	77.96738889	Davis	1515
21-Oct-81	19811021	-67.60269444	62.87380556	Mawson	1570
26-Oct-81	19811026	-68.57661111	77.96738889	Davis	1590
28-Oct-81	19811028	-67.60269444	62.87380556	Mawson	1530
4-Nov-81	19811104	-68.57661111	77.96738889	Davis	1600
5-Nov-81	19811105	-67.60269444	62.87380556	Mawson	1512
9-Nov-81	19811109	-68.57661111	77.96738889	Davis	1590
11-Nov-81	19811111	-67.60269444	62.87380556	Mawson	1502
16-Nov-81	19811116	-68.57661111	77.96738889	Davis	1630
23-Nov-81	19811123	-68.57661111	77.96738889	Davis	1595
27-Nov-81	19811127	-67.60269444	62.87380556	Mawson	1462
30-Nov-81	19811130	-68.57661111	77.96738889	Davis	1565
2-Dec-81	19811202	-67.60269444	62.87380556	Mawson	1480
7-Dec-81	19811207	-68.57661111	77.96738889	Davis	1500
9-Dec-81	19811209	-67.60269444	62.87380556	Mawson	1490
14-Dec-81	19811214	-68.57661111	77.96738889	Davis	1445
15-Dec-81	19811215	-68.57661111	77.96738889	Davis	1
31-Dec-81	19811231	-67.60269444	62.87380556	Mawson	1322
8-Mar-82	19820308	-68.57661111	77.96738889	Davis	1
10-Mar-82	19820310	-68.57661111	77.96738889	Davis	1
11-Mar-82	19820311	-66.28180556	110.5276111	Casey	1
11-Mar-82	19820311	-68.57661111	77.96738889	Davis	125
13-Mar-82	19820313	-68.57661111	77.96738889	Davis	100
15-Mar-82	19820315	-68.57661111	77.96738889	Davis	1
23-Mar-82	19820323	-68.57661111	77.96738889	Davis	1
23-Mar-82	19820323	-67.60269444	62.87380556	Mawson	1
25-Mar-82	19820325	-68.57661111	77.96738889	Davis	1
27-Mar-82	19820327	-68.57661111	77.96738889	Davis	1
28-Mar-82	19820328	-68.57661111	77.96738889	Davis	350
29-Mar-82	19820329	-66.28180556	110.5276111	Casey	1
30-Mar-82	19820330	-66.28180556	110.5276111	Casey	1
31-Mar-82	19820331	-68.57661111	77.96738889	Davis	310
4-Apr-82	19820404	-68.57661111	77.96738889	Davis	390
7-Apr-82	19820407	-67.60269444	62.87380556	Mawson	360
11-Apr-82	19820411	-68.57661111	77.96738889	Davis	510
17-Apr-82	19820417	-66.28180556	110.5276111	Casey	1
18-Apr-82	19820418	-66.28180556	110.5276111	Casey	1
18-Apr-82	19820418	-68.57661111	77.96738889	Davis	525
23-Apr-82	19820423	-66.28180556	110.5276111	Casey	155
23-Apr-82	19820423	-68.57661111	77.96738889	Davis	490
28-Apr-82	19820428	-67.60269444	62.87380556	Mawson	600
30-Apr-82	19820430	-68.57661111	77.96738889	Davis	700
2-May-82	19820502	-68.57661111	77.96738889	Davis	620
6-May-82	19820506	-66.28180556	110.5276111	Casey	240
9-May-82	19820509	-67.60269444	62.87380556	Mawson	730
10-May-82	19820510	-68.57661111	77.96738889	Davis	780
16-May-82	19820516	-67.60269444	62.87380556	Mawson	790
23-May-82	19820523	-68.57661111	77.96738889	Davis	1080
23-May-82	19820523	-67.60269444	62.87380556	Mawson	860
29-May-82	19820529	-66.28180556	110.5276111	Casey	560
31-May-82	19820531	-68.57661111	77.96738889	Davis	800
6-Jun-82	19820606	-68.57661111	77.96738889	Davis	920
7-Jun-82	19820607	-66.28180556	110.5276111	Casey	600
13-Jun-82	19820613	-68.57661111	77.96738889	Davis	925
20-Jun-82	19820620	-66.28180556	110.5276111	Casey	650
27-Jun-82	19820627	-68.57661111	77.96738889	Davis	1100
4-Jul-82	19820704	-68.57661111	77.96738889	Davis	1120
9-Jul-82	19820709	-66.28180556	110.5276111	Casey	630
11-Jul-82	19820711	-68.57661111	77.96738889	Davis	1165
18-Jul-82	19820718	-68.57661111	77.96738889	Davis	1220
19-Jul-82	19820719	-67.60269444	62.87380556	Mawson	1310
20-Jul-82	19820720	-66.28180556	110.5276111	Casey	735
24-Jul-82	19820724	-68.57661111	77.96738889	Davis	1230
25-Jul-82	19820725	-67.60269444	62.87380556	Mawson	1340
1-Aug-82	19820801	-68.57661111	77.96738889	Davis	1300
2-Aug-82	19820802	-67.60269444	62.87380556	Mawson	1390
6-Aug-82	19820806	-66.28180556	110.5276111	Casey	995
8-Aug-82	19820808	-68.57661111	77.96738889	Davis	1300
8-Aug-82	19820808	-67.60269444	62.87380556	Mawson	1420
13-Aug-82	19820813	-66.28180556	110.5276111	Casey	1000
15-Aug-82	19820815	-68.57661111	77.96738889	Davis	1380
15-Aug-82	19820815	-67.60269444	62.87380556	Mawson	1480
21-Aug-82	19820821	-66.28180556	110.5276111	Casey	1045
22-Aug-82	19820822	-67.60269444	62.87380556	Mawson	1530
23-Aug-82	19820823	-68.57661111	77.96738889	Davis	1380
31-Aug-82	19820831	-68.57661111	77.96738889	Davis	1420
5-Sep-82	19820905	-68.57661111	77.96738889	Davis	1450
5-Sep-82	19820905	-67.60269444	62.87380556	Mawson	1660
11-Sep-82	19820911	-66.28180556	110.5276111	Casey	1130
12-Sep-82	19820912	-68.57661111	77.96738889	Davis	1540
12-Sep-82	19820912	-67.60269444	62.87380556	Mawson	1730
19-Sep-82	19820919	-68.57661111	77.96738889	Davis	1635
19-Sep-82	19820919	-67.60269444	62.87380556	Mawson	1780
21-Sep-82	19820921	-66.28180556	110.5276111	Casey	1190
25-Sep-82	19820925	-66.28180556	110.5276111	Casey	1250
26-Sep-82	19820926	-67.60269444	62.87380556	Mawson	1830
28-Sep-82	19820928	-68.57661111	77.96738889	Davis	1620
5-Oct-82	19821005	-68.57661111	77.96738889	Davis	1665
5-Oct-82	19821005	-67.60269444	62.87380556	Mawson	1860
7-Oct-82	19821007	-66.28180556	110.5276111	Casey	1345
8-Oct-82	19821008	-68.57661111	77.96738889	Davis	1690
10-Oct-82	19821010	-67.60269444	62.87380556	Mawson	1870
17-Oct-82	19821017	-68.57661111	77.96738889	Davis	1630
17-Oct-82	19821017	-67.60269444	62.87380556	Mawson	1880
24-Oct-82	19821024	-68.57661111	77.96738889	Davis	1690
25-Oct-82	19821025	-67.60269444	62.87380556	Mawson	1870
30-Oct-82	19821030	-67.60269444	62.87380556	Mawson	1860
31-Oct-82	19821031	-68.57661111	77.96738889	Davis	1730
6-Nov-82	19821106	-66.28180556	110.5276111	Casey	1380
7-Nov-82	19821107	-68.57661111	77.96738889	Davis	1770
7-Nov-82	19821107	-67.60269444	62.87380556	Mawson	1860
12-Nov-82	19821112	-66.28180556	110.5276111	Casey	1380
13-Nov-82	19821113	-67.60269444	62.87380556	Mawson	1855
14-Nov-82	19821114	-68.57661111	77.96738889	Davis	1805
21-Nov-82	19821121	-68.57661111	77.96738889	Davis	1730
23-Nov-82	19821123	-67.60269444	62.87380556	Mawson	1840
24-Nov-82	19821124	-66.28180556	110.5276111	Casey	1370
27-Nov-82	19821127	-67.60269444	62.87380556	Mawson	1820
30-Nov-82	19821130	-68.57661111	77.96738889	Davis	1770
5-Dec-82	19821205	-67.60269444	62.87380556	Mawson	1800
8-Dec-82	19821208	-66.28180556	110.5276111	Casey	1195
9-Dec-82	19821209	-68.57661111	77.96738889	Davis	1795
12-Dec-82	19821212	-67.60269444	62.87380556	Mawson	1780
17-Dec-82	19821217	-68.57661111	77.96738889	Davis	1760
19-Dec-82	19821219	-67.60269444	62.87380556	Mawson	1710
27-Dec-82	19821227	-66.28180556	110.5276111	Casey	1
29-Dec-82	19821229	-67.60269444	62.87380556	Mawson	1590
31-Dec-82	19821231	-68.57661111	77.96738889	Davis	1
16-Jan-83	19830116	-67.60269444	62.87380556	Mawson	1320
23-Jan-83	19830123	-67.60269444	62.87380556	Mawson	1250
10-Mar-83	19830310	-68.57661111	77.96738889	Davis	1
13-Mar-83	19830313	-68.57661111	77.96738889	Davis	100
15-Mar-83	19830315	-68.57661111	77.96738889	Davis	1
16-Mar-83	19830316	-66.28180556	110.5276111	Casey	1
23-Mar-83	19830323	-68.57661111	77.96738889	Davis	1
24-Mar-83	19830324	-66.28180556	110.5276111	Casey	1
25-Mar-83	19830325	-68.57661111	77.96738889	Davis	1
27-Mar-83	19830327	-68.57661111	77.96738889	Davis	1
31-Mar-83	19830331	-68.57661111	77.96738889	Davis	310
4-Apr-83	19830404	-66.28180556	110.5276111	Casey	1
14-Apr-83	19830414	-66.28180556	110.5276111	Casey	1
21-Apr-83	19830421	-66.28180556	110.5276111	Casey	1
23-Apr-83	19830423	-68.57661111	77.96738889	Davis	490
2-May-83	19830502	-68.57661111	77.96738889	Davis	620
4-May-83	19830504	-66.28180556	110.5276111	Casey	200
9-May-83	19830509	-68.57661111	77.96738889	Davis	650
16-May-83	19830516	-68.57661111	77.96738889	Davis	700
19-May-83	19830519	-66.28180556	110.5276111	Casey	1
20-May-83	19830520	-66.28180556	110.5276111	Casey	1
24-May-83	19830524	-68.57661111	77.96738889	Davis	770
27-May-83	19830527	-66.28180556	110.5276111	Casey	1
2-Jun-83	19830602	-66.28180556	110.5276111	Casey	1
2-Jun-83	19830602	-68.57661111	77.96738889	Davis	850
18-Jun-83	19830618	-66.28180556	110.5276111	Casey	1
23-Jun-83	19830623	-66.28180556	110.5276111	Casey	1
23-Jun-83	19830623	-68.57661111	77.96738889	Davis	1080
25-Jun-83	19830625	-66.28180556	110.5276111	Casey	1
2-Jul-83	19830702	-68.57661111	77.96738889	Davis	1070
9-Jul-83	19830709	-66.28180556	110.5276111	Casey	1
11-Jul-83	19830711	-68.57661111	77.96738889	Davis	1100
18-Jul-83	19830718	-68.57661111	77.96738889	Davis	1150
27-Jul-83	19830727	-68.57661111	77.96738889	Davis	1210
2-Aug-83	19830802	-68.57661111	77.96738889	Davis	1290
3-Aug-83	19830803	-66.28180556	110.5276111	Casey	600
11-Aug-83	19830811	-66.28180556	110.5276111	Casey	730
18-Aug-83	19830818	-66.28180556	110.5276111	Casey	760
19-Aug-83	19830819	-68.57661111	77.96738889	Davis	1440
26-Aug-83	19830826	-66.28180556	110.5276111	Casey	840
29-Aug-83	19830829	-68.57661111	77.96738889	Davis	1410
3-Sep-83	19830903	-66.28180556	110.5276111	Casey	900
5-Sep-83	19830905	-68.57661111	77.96738889	Davis	1410
16-Sep-83	19830916	-66.28180556	110.5276111	Casey	1
16-Sep-83	19830916	-68.57661111	77.96738889	Davis	1530
18-Sep-83	19830918	-66.28180556	110.5276111	Casey	1
23-Sep-83	19830923	-68.57661111	77.96738889	Davis	1550
29-Sep-83	19830929	-68.57661111	77.96738889	Davis	1570
3-Oct-83	19831003	-66.28180556	110.5276111	Casey	300
9-Oct-83	19831009	-66.28180556	110.5276111	Casey	350
15-Oct-83	19831015	-66.28180556	110.5276111	Casey	450
18-Oct-83	19831018	-68.57661111	77.96738889	Davis	1630
22-Oct-83	19831022	-66.28180556	110.5276111	Casey	460
28-Oct-83	19831028	-68.57661111	77.96738889	Davis	1700
29-Oct-83	19831029	-66.28180556	110.5276111	Casey	480
3-Nov-83	19831103	-68.57661111	77.96738889	Davis	1720
5-Nov-83	19831105	-66.28180556	110.5276111	Casey	520
11-Nov-83	19831111	-68.57661111	77.96738889	Davis	1760
12-Nov-83	19831112	-66.28180556	110.5276111	Casey	550
18-Nov-83	19831118	-68.57661111	77.96738889	Davis	1780
20-Nov-83	19831120	-66.28180556	110.5276111	Casey	530
26-Nov-83	19831126	-68.57661111	77.96738889	Davis	1760
4-Dec-83	19831204	-66.28180556	110.5276111	Casey	1
11-Dec-83	19831211	-68.57661111	77.96738889	Davis	1720
18-Dec-83	19831218	-68.57661111	77.96738889	Davis	1700
12-Jan-84	19840112	-67.60269444	62.87380556	Mawson	1040
18-Jan-84	19840118	-67.60269444	62.87380556	Mawson	900
19-Jan-84	19840119	-67.60269444	62.87380556	Mawson	1
25-Mar-84	19840325	-68.57661111	77.96738889	Davis	1
25-Mar-84	19840325	-67.60269444	62.87380556	Mawson	1
29-Mar-84	19840329	-67.60269444	62.87380556	Mawson	240
30-Mar-84	19840330	-67.60269444	62.87380556	Mawson	1
31-Mar-84	19840331	-67.60269444	62.87380556	Mawson	1
2-Apr-84	19840402	-68.57661111	77.96738889	Davis	210
3-Apr-84	19840403	-67.60269444	62.87380556	Mawson	240
11-Apr-84	19840411	-68.57661111	77.96738889	Davis	290
15-Apr-84	19840415	-67.60269444	62.87380556	Mawson	445
18-Apr-84	19840418	-68.57661111	77.96738889	Davis	410
26-Apr-84	19840426	-68.57661111	77.96738889	Davis	460
27-Apr-84	19840427	-67.60269444	62.87380556	Mawson	640
30-Apr-84	19840430	-66.28180556	110.5276111	Casey	405
30-Apr-84	19840430	-68.57661111	77.96738889	Davis	0.405
4-May-84	19840504	-67.60269444	62.87380556	Mawson	690
5-May-84	19840505	-68.57661111	77.96738889	Davis	510
7-May-84	19840507	-66.28180556	110.5276111	Casey	480
7-May-84	19840507	-68.57661111	77.96738889	Davis	0.48
13-May-84	19840513	-68.57661111	77.96738889	Davis	620
14-May-84	19840514	-66.28180556	110.5276111	Casey	500
14-May-84	19840514	-67.60269444	62.87380556	Mawson	790
17-May-84	19840517	-66.28180556	110.5276111	Casey	1
21-May-84	19840521	-68.57661111	77.96738889	Davis	720
21-May-84	19840521	-67.60269444	62.87380556	Mawson	820
26-May-84	19840526	-66.28180556	110.5276111	Casey	1
30-May-84	19840530	-68.57661111	77.96738889	Davis	810
2-Jun-84	19840602	-66.28180556	110.5276111	Casey	120
5-Jun-84	19840605	-67.60269444	62.87380556	Mawson	955
9-Jun-84	19840609	-68.57661111	77.96738889	Davis	840
11-Jun-84	19840611	-66.28180556	110.5276111	Casey	330
15-Jun-84	19840615	-68.57661111	77.96738889	Davis	960
15-Jun-84	19840615	-67.60269444	62.87380556	Mawson	1015
18-Jun-84	19840618	-66.28180556	110.5276111	Casey	450
23-Jun-84	19840623	-68.57661111	77.96738889	Davis	1030
25-Jun-84	19840625	-66.28180556	110.5276111	Casey	550
28-Jun-84	19840628	-68.57661111	77.96738889	Davis	1050
6-Jul-84	19840706	-68.57661111	77.96738889	Davis	1080
8-Jul-84	19840708	-66.28180556	110.5276111	Casey	1
12-Jul-84	19840712	-67.60269444	62.87380556	Mawson	1250
14-Jul-84	19840714	-68.57661111	77.96738889	Davis	1130
20-Jul-84	19840720	-66.28180556	110.5276111	Casey	1
20-Jul-84	19840720	-68.57661111	77.96738889	Davis	1180
23-Jul-84	19840723	-66.28180556	110.5276111	Casey	215
27-Jul-84	19840727	-68.57661111	77.96738889	Davis	1180
30-Jul-84	19840730	-66.28180556	110.5276111	Casey	370
3-Aug-84	19840803	-67.60269444	62.87380556	Mawson	1400
4-Aug-84	19840804	-68.57661111	77.96738889	Davis	1210
5-Aug-84	19840805	-66.28180556	110.5276111	Casey	460
11-Aug-84	19840811	-68.57661111	77.96738889	Davis	1220
13-Aug-84	19840813	-66.28180556	110.5276111	Casey	465
20-Aug-84	19840820	-66.28180556	110.5276111	Casey	1
21-Aug-84	19840821	-66.28180556	110.5276111	Casey	1
25-Aug-84	19840825	-66.28180556	110.5276111	Casey	1
26-Aug-84	19840826	-66.28180556	110.5276111	Casey	1
27-Aug-84	19840827	-66.28180556	110.5276111	Casey	1
1-Sep-84	19840901	-66.28180556	110.5276111	Casey	1
4-Sep-84	19840904	-66.28180556	110.5276111	Casey	1
4-Sep-84	19840904	-68.57661111	77.96738889	Davis	1255
6-Sep-84	19840906	-67.60269444	62.87380556	Mawson	1530
8-Sep-84	19840908	-66.28180556	110.5276111	Casey	1
10-Sep-84	19840910	-66.28180556	110.5276111	Casey	100
11-Sep-84	19840911	-68.57661111	77.96738889	Davis	1300
16-Sep-84	19840916	-66.28180556	110.5276111	Casey	291
19-Sep-84	19840919	-68.57661111	77.96738889	Davis	1330
23-Sep-84	19840923	-66.28180556	110.5276111	Casey	420
7-Oct-84	19841007	-66.28180556	110.5276111	Casey	540
10-Oct-84	19841010	-68.57661111	77.96738889	Davis	1510
16-Oct-84	19841016	-66.28180556	110.5276111	Casey	600
18-Oct-84	19841018	-68.57661111	77.96738889	Davis	1510
23-Oct-84	19841023	-66.28180556	110.5276111	Casey	660
23-Oct-84	19841023	-68.57661111	77.96738889	Davis	1560
23-Oct-84	19841023	-67.60269444	62.87380556	Mawson	1580
30-Oct-84	19841030	-66.28180556	110.5276111	Casey	695
30-Oct-84	19841030	-68.57661111	77.96738889	Davis	1600
6-Nov-84	19841106	-66.28180556	110.5276111	Casey	730
6-Nov-84	19841106	-68.57661111	77.96738889	Davis	1620
13-Nov-84	19841113	-66.28180556	110.5276111	Casey	695
14-Nov-84	19841114	-68.57661111	77.96738889	Davis	1580
16-Nov-84	19841116	-66.28180556	110.5276111	Casey	1
18-Nov-84	19841118	-68.57661111	77.96738889	Davis	1610
22-Nov-84	19841122	-67.60269444	62.87380556	Mawson	1500
29-Nov-84	19841129	-68.57661111	77.96738889	Davis	1620
9-Dec-84	19841209	-67.60269444	62.87380556	Mawson	1480
14-Dec-84	19841214	-68.57661111	77.96738889	Davis	1580
20-Dec-84	19841220	-68.57661111	77.96738889	Davis	1550
24-Dec-84	19841224	-67.60269444	62.87380556	Mawson	1360
3-Jan-85	19850103	-68.57661111	77.96738889	Davis	1630
4-Jan-85	19850104	-68.57661111	77.96738889	Davis	1630
10-Jan-85	19850110	-68.57661111	77.96738889	Davis	1630
12-Jan-85	19850112	-68.57661111	77.96738889	Davis	1
21-Jan-85	19850121	-68.57661111	77.96738889	Davis	1
21-Mar-85	19850321	-68.57661111	77.96738889	Davis	1
22-Mar-85	19850322	-67.60269444	62.87380556	Mawson	1
24-Mar-85	19850324	-68.57661111	77.96738889	Davis	130
26-Mar-85	19850326	-67.60269444	62.87380556	Mawson	140
4-Apr-85	19850404	-67.60269444	62.87380556	Mawson	290
7-Apr-85	19850407	-68.57661111	77.96738889	Davis	280
15-Apr-85	19850415	-68.57661111	77.96738889	Davis	410
15-Apr-85	19850415	-67.60269444	62.87380556	Mawson	430
20-Apr-85	19850420	-66.28180556	110.5276111	Casey	1
21-Apr-85	19850421	-66.28180556	110.5276111	Casey	1
21-Apr-85	19850421	-68.57661111	77.96738889	Davis	450
21-Apr-85	19850421	-67.60269444	62.87380556	Mawson	500
22-Apr-85	19850422	-66.28180556	110.5276111	Casey	1
24-Apr-85	19850424	-66.28180556	110.5276111	Casey	1
29-Apr-85	19850429	-68.57661111	77.96738889	Davis	480
29-Apr-85	19850429	-67.60269444	62.87380556	Mawson	500
2-May-85	19850502	-66.28180556	110.5276111	Casey	1
6-May-85	19850506	-67.60269444	62.87380556	Mawson	570
7-May-85	19850507	-68.57661111	77.96738889	Davis	480
14-May-85	19850514	-68.57661111	77.96738889	Davis	570
21-May-85	19850521	-68.57661111	77.96738889	Davis	600
23-May-85	19850523	-67.60269444	62.87380556	Mawson	735
28-May-85	19850528	-68.57661111	77.96738889	Davis	640
4-Jun-85	19850604	-67.60269444	62.87380556	Mawson	800
6-Jun-85	19850606	-68.57661111	77.96738889	Davis	640
12-Jun-85	19850612	-67.60269444	62.87380556	Mawson	850
13-Jun-85	19850613	-68.57661111	77.96738889	Davis	690
19-Jun-85	19850619	-68.57661111	77.96738889	Davis	740
20-Jun-85	19850620	-67.60269444	62.87380556	Mawson	970
26-Jun-85	19850626	-68.57661111	77.96738889	Davis	780
27-Jun-85	19850627	-67.60269444	62.87380556	Mawson	985
30-Jun-85	19850630	-66.28180556	110.5276111	Casey	1400
4-Jul-85	19850704	-68.57661111	77.96738889	Davis	840
8-Jul-85	19850708	-66.28180556	110.5276111	Casey	1500
9-Jul-85	19850709	-67.60269444	62.87380556	Mawson	1045
10-Jul-85	19850710	-68.57661111	77.96738889	Davis	910
17-Jul-85	19850717	-66.28180556	110.5276111	Casey	1530
17-Jul-85	19850717	-68.57661111	77.96738889	Davis	950
19-Jul-85	19850719	-67.60269444	62.87380556	Mawson	1140
24-Jul-85	19850724	-66.28180556	110.5276111	Casey	1550
25-Jul-85	19850725	-68.57661111	77.96738889	Davis	1000
30-Jul-85	19850730	-66.28180556	110.5276111	Casey	1570
2-Aug-85	19850802	-68.57661111	77.96738889	Davis	1100
6-Aug-85	19850806	-66.28180556	110.5276111	Casey	1610
8-Aug-85	19850808	-68.57661111	77.96738889	Davis	1140
14-Aug-85	19850814	-68.57661111	77.96738889	Davis	1170
16-Aug-85	19850816	-66.28180556	110.5276111	Casey	1750
21-Aug-85	19850821	-68.57661111	77.96738889	Davis	1220
25-Aug-85	19850825	-66.28180556	110.5276111	Casey	1
29-Aug-85	19850829	-68.57661111	77.96738889	Davis	1330
30-Aug-85	19850830	-66.28180556	110.5276111	Casey	1
2-Sep-85	19850902	-67.60269444	62.87380556	Mawson	1505
4-Sep-85	19850904	-68.57661111	77.96738889	Davis	1400
11-Sep-85	19850911	-68.57661111	77.96738889	Davis	1430
14-Sep-85	19850914	-66.28180556	110.5276111	Casey	950
18-Sep-85	19850918	-68.57661111	77.96738889	Davis	1450
25-Sep-85	19850925	-68.57661111	77.96738889	Davis	1480
3-Oct-85	19851003	-68.57661111	77.96738889	Davis	1510
7-Oct-85	19851007	-66.28180556	110.5276111	Casey	1480
9-Oct-85	19851009	-68.57661111	77.96738889	Davis	1540
16-Oct-85	19851016	-68.57661111	77.96738889	Davis	1580
20-Oct-85	19851020	-66.28180556	110.5276111	Casey	1740
23-Oct-85	19851023	-68.57661111	77.96738889	Davis	1630
25-Oct-85	19851025	-67.60269444	62.87380556	Mawson	1680
28-Oct-85	19851028	-66.28180556	110.5276111	Casey	1690
7-Nov-85	19851107	-68.57661111	77.96738889	Davis	1700
8-Nov-85	19851108	-67.60269444	62.87380556	Mawson	1695
14-Nov-85	19851114	-66.28180556	110.5276111	Casey	1540
14-Nov-85	19851114	-68.57661111	77.96738889	Davis	1700
21-Nov-85	19851121	-66.28180556	110.5276111	Casey	1
22-Nov-85	19851122	-68.57661111	77.96738889	Davis	1700
28-Nov-85	19851128	-68.57661111	77.96738889	Davis	1700
10-Dec-85	19851210	-68.57661111	77.96738889	Davis	1650
18-Dec-85	19851218	-67.60269444	62.87380556	Mawson	1575
20-Dec-85	19851220	-68.57661111	77.96738889	Davis	1640
24-Dec-85	19851224	-67.60269444	62.87380556	Mawson	1580
27-Dec-85	19851227	-68.57661111	77.96738889	Davis	1645
6-Jan-86	19860106	-67.60269444	62.87380556	Mawson	1535
22-Jan-86	19860122	-67.60269444	62.87380556	Mawson	1125
15-Mar-86	19860315	-66.28180556	110.5276111	Casey	1
18-Mar-86	19860318	-66.28180556	110.5276111	Casey	60
22-Mar-86	19860322	-67.60269444	62.87380556	Mawson	1
26-Mar-86	19860326	-67.60269444	62.87380556	Mawson	200
27-Mar-86	19860327	-66.28180556	110.5276111	Casey	1
27-Mar-86	19860327	-67.60269444	62.87380556	Mawson	1
31-Mar-86	19860331	-66.28180556	110.5276111	Casey	1
4-Apr-86	19860404	-67.60269444	62.87380556	Mawson	1
10-Apr-86	19860410	-66.28180556	110.5276111	Casey	152
16-Apr-86	19860416	-66.28180556	110.5276111	Casey	241
18-Apr-86	19860418	-67.60269444	62.87380556	Mawson	400
23-Apr-86	19860423	-66.28180556	110.5276111	Casey	355
23-Apr-86	19860423	-67.60269444	62.87380556	Mawson	520
30-Apr-86	19860430	-66.28180556	110.5276111	Casey	432
30-Apr-86	19860430	-67.60269444	62.87380556	Mawson	620
2-May-86	19860502	-66.28180556	110.5276111	Casey	1
6-May-86	19860506	-66.28180556	110.5276111	Casey	1
7-May-86	19860507	-67.60269444	62.87380556	Mawson	725
8-May-86	19860508	-66.28180556	110.5276111	Casey	241
11-May-86	19860511	-66.28180556	110.5276111	Casey	1
13-May-86	19860513	-66.28180556	110.5276111	Casey	1
14-May-86	19860514	-67.60269444	62.87380556	Mawson	780
16-May-86	19860516	-66.28180556	110.5276111	Casey	203
21-May-86	19860521	-67.60269444	62.87380556	Mawson	850
23-May-86	19860523	-66.28180556	110.5276111	Casey	242
28-May-86	19860528	-67.60269444	62.87380556	Mawson	910
30-May-86	19860530	-66.28180556	110.5276111	Casey	280
4-Jun-86	19860604	-67.60269444	62.87380556	Mawson	965
7-Jun-86	19860607	-66.28180556	110.5276111	Casey	432
13-Jun-86	19860613	-66.28180556	110.5276111	Casey	483
19-Jun-86	19860619	-67.60269444	62.87380556	Mawson	1130
20-Jun-86	19860620	-66.28180556	110.5276111	Casey	533
26-Jun-86	19860626	-67.60269444	62.87380556	Mawson	1185
28-Jun-86	19860628	-66.28180556	110.5276111	Casey	559
2-Jul-86	19860702	-67.60269444	62.87380556	Mawson	1255
4-Jul-86	19860704	-66.28180556	110.5276111	Casey	635
10-Jul-86	19860710	-67.60269444	62.87380556	Mawson	1330
17-Jul-86	19860717	-67.60269444	62.87380556	Mawson	1395
18-Jul-86	19860718	-66.28180556	110.5276111	Casey	864
24-Jul-86	19860724	-66.28180556	110.5276111	Casey	1029
24-Jul-86	19860724	-67.60269444	62.87380556	Mawson	1450
30-Jul-86	19860730	-66.28180556	110.5276111	Casey	1092
30-Jul-86	19860730	-67.60269444	62.87380556	Mawson	1490
6-Aug-86	19860806	-67.60269444	62.87380556	Mawson	1540
7-Aug-86	19860807	-66.28180556	110.5276111	Casey	1168
13-Aug-86	19860813	-67.60269444	62.87380556	Mawson	1625
15-Aug-86	19860815	-66.28180556	110.5276111	Casey	1181
20-Aug-86	19860820	-66.28180556	110.5276111	Casey	1193
20-Aug-86	19860820	-67.60269444	62.87380556	Mawson	1705
5-Sep-86	19860905	-67.60269444	62.87380556	Mawson	1780
8-Sep-86	19860908	-66.28180556	110.5276111	Casey	1295
17-Sep-86	19860917	-67.60269444	62.87380556	Mawson	1815
24-Sep-86	19860924	-66.28180556	110.5276111	Casey	1
25-Sep-86	19860925	-66.28180556	110.5276111	Casey	1
26-Sep-86	19860926	-67.60269444	62.87380556	Mawson	1835
1-Oct-86	19861001	-67.60269444	62.87380556	Mawson	1850
6-Oct-86	19861006	-66.28180556	110.5276111	Casey	1
7-Oct-86	19861007	-66.28180556	110.5276111	Casey	1
7-Oct-86	19861007	-67.60269444	62.87380556	Mawson	1855
13-Oct-86	19861013	-66.28180556	110.5276111	Casey	1
17-Oct-86	19861017	-67.60269444	62.87380556	Mawson	1900
22-Oct-86	19861022	-67.60269444	62.87380556	Mawson	1905
27-Oct-86	19861027	-66.28180556	110.5276111	Casey	1
30-Oct-86	19861030	-67.60269444	62.87380556	Mawson	1890
7-Nov-86	19861107	-67.60269444	62.87380556	Mawson	1880
8-Nov-86	19861108	-66.28180556	110.5276111	Casey	1
13-Nov-86	19861113	-67.60269444	62.87380556	Mawson	1865
19-Nov-86	19861119	-67.60269444	62.87380556	Mawson	1850
26-Nov-86	19861126	-67.60269444	62.87380556	Mawson	1835
3-Dec-86	19861203	-67.60269444	62.87380556	Mawson	1805
11-Dec-86	19861211	-67.60269444	62.87380556	Mawson	1790
18-Dec-86	19861218	-67.60269444	62.87380556	Mawson	1750
26-Dec-86	19861226	-67.60269444	62.87380556	Mawson	1730
1-Jan-87	19870101	-67.60269444	62.87380556	Mawson	1680
8-Jan-87	19870108	-67.60269444	62.87380556	Mawson	1650
4-Feb-87	19870204	-67.60269444	62.87380556	Mawson	1000
5-Feb-87	19870205	-67.60269444	62.87380556	Mawson	1
7-Apr-87	19870407	-66.28180556	110.5276111	Casey	1
8-Apr-87	19870408	-67.60269444	62.87380556	Mawson	1
17-Apr-87	19870417	-66.28180556	110.5276111	Casey	255
24-Apr-87	19870424	-66.28180556	110.5276111	Casey	315
25-Apr-87	19870425	-66.28180556	110.5276111	Casey	1
29-Apr-87	19870429	-67.60269444	62.87380556	Mawson	430
30-Apr-87	19870430	-66.28180556	110.5276111	Casey	1
7-May-87	19870507	-66.28180556	110.5276111	Casey	215
18-May-87	19870518	-66.28180556	110.5276111	Casey	330
18-May-87	19870518	-67.60269444	62.87380556	Mawson	680
27-May-87	19870527	-66.28180556	110.5276111	Casey	430
29-May-87	19870529	-67.60269444	62.87380556	Mawson	840
5-Jun-87	19870605	-66.28180556	110.5276111	Casey	540
16-Jun-87	19870616	-66.28180556	110.5276111	Casey	650
16-Jun-87	19870616	-67.60269444	62.87380556	Mawson	1050
26-Jun-87	19870626	-66.28180556	110.5276111	Casey	1
28-Jun-87	19870628	-67.60269444	62.87380556	Mawson	1100
5-Jul-87	19870705	-66.28180556	110.5276111	Casey	1
7-Jul-87	19870707	-67.60269444	62.87380556	Mawson	1150
9-Jul-87	19870709	-66.28180556	110.5276111	Casey	180
17-Jul-87	19870717	-66.28180556	110.5276111	Casey	280
19-Jul-87	19870719	-67.60269444	62.87380556	Mawson	1220
29-Jul-87	19870729	-66.28180556	110.5276111	Casey	355
30-Jul-87	19870730	-67.60269444	62.87380556	Mawson	1290
5-Aug-87	19870805	-66.28180556	110.5276111	Casey	455
8-Aug-87	19870808	-67.60269444	62.87380556	Mawson	1350
12-Aug-87	19870812	-66.28180556	110.5276111	Casey	560
20-Aug-87	19870820	-66.28180556	110.5276111	Casey	660
23-Aug-87	19870823	-67.60269444	62.87380556	Mawson	1480
27-Aug-87	19870827	-66.28180556	110.5276111	Casey	725
27-Aug-87	19870827	-67.60269444	62.87380556	Mawson	1510
3-Sep-87	19870903	-66.28180556	110.5276111	Casey	780
9-Sep-87	19870909	-67.60269444	62.87380556	Mawson	1730
11-Sep-87	19870911	-66.28180556	110.5276111	Casey	825
21-Sep-87	19870921	-66.28180556	110.5276111	Casey	940
22-Sep-87	19870922	-67.60269444	62.87380556	Mawson	1660
29-Sep-87	19870929	-66.28180556	110.5276111	Casey	965
30-Sep-87	19870930	-67.60269444	62.87380556	Mawson	1700
5-Oct-87	19871005	-66.28180556	110.5276111	Casey	990
9-Oct-87	19871009	-67.60269444	62.87380556	Mawson	1730
15-Oct-87	19871015	-66.28180556	110.5276111	Casey	1015
21-Oct-87	19871021	-67.60269444	62.87380556	Mawson	1720
22-Oct-87	19871022	-66.28180556	110.5276111	Casey	1030
26-Oct-87	19871026	-67.60269444	62.87380556	Mawson	1730
30-Oct-87	19871030	-66.28180556	110.5276111	Casey	1040
31-Oct-87	19871031	-67.60269444	62.87380556	Mawson	1760
6-Nov-87	19871106	-66.28180556	110.5276111	Casey	1080
11-Nov-87	19871111	-66.28180556	110.5276111	Casey	1
7-Jan-88	19880107	-67.60269444	62.87380556	Mawson	1510
2-Feb-88	19880202	-67.60269444	62.87380556	Mawson	1120
26-Feb-88	19880226	-67.60269444	62.87380556	Mawson	900
27-Feb-88	19880227	-67.60269444	62.87380556	Mawson	1
1-Apr-88	19880401	-67.60269444	62.87380556	Mawson	1
6-Apr-88	19880406	-66.28180556	110.5276111	Casey	1
10-Apr-88	19880410	-66.28180556	110.5276111	Casey	270
16-Apr-88	19880416	-67.60269444	62.87380556	Mawson	460
18-Apr-88	19880418	-66.28180556	110.5276111	Casey	330
21-Apr-88	19880421	-66.28180556	110.5276111	Casey	1
24-Apr-88	19880424	-66.28180556	110.5276111	Casey	1
27-Apr-88	19880427	-67.60269444	62.87380556	Mawson	595
9-May-88	19880509	-66.28180556	110.5276111	Casey	1
11-May-88	19880511	-67.60269444	62.87380556	Mawson	850
13-May-88	19880513	-66.28180556	110.5276111	Casey	1
16-May-88	19880516	-66.28180556	110.5276111	Casey	178
20-May-88	19880520	-66.28180556	110.5276111	Casey	1
26-May-88	19880526	-66.28180556	110.5276111	Casey	1
29-May-88	19880529	-66.28180556	110.5276111	Casey	150
6-Jun-88	19880606	-66.28180556	110.5276111	Casey	330
15-Jun-88	19880615	-67.60269444	62.87380556	Mawson	1088
19-Jun-88	19880619	-66.28180556	110.5276111	Casey	410
24-Jun-88	19880624	-67.60269444	62.87380556	Mawson	1170
30-Jun-88	19880630	-66.28180556	110.5276111	Casey	590
10-Jul-88	19880710	-66.28180556	110.5276111	Casey	650
12-Jul-88	19880712	-67.60269444	62.87380556	Mawson	1260
18-Jul-88	19880718	-66.28180556	110.5276111	Casey	690
23-Jul-88	19880723	-66.28180556	110.5276111	Casey	730
28-Jul-88	19880728	-67.60269444	62.87380556	Mawson	1360
31-Jul-88	19880731	-66.28180556	110.5276111	Casey	850
5-Aug-88	19880805	-66.28180556	110.5276111	Casey	890
11-Aug-88	19880811	-66.28180556	110.5276111	Casey	970
19-Aug-88	19880819	-67.60269444	62.87380556	Mawson	1535
30-Aug-88	19880830	-67.60269444	62.87380556	Mawson	1590
31-Aug-88	19880831	-66.28180556	110.5276111	Casey	1050
7-Sep-88	19880907	-66.28180556	110.5276111	Casey	1100
15-Sep-88	19880915	-67.60269444	62.87380556	Mawson	1670
21-Sep-88	19880921	-67.60269444	62.87380556	Mawson	1720
23-Sep-88	19880923	-66.28180556	110.5276111	Casey	1190
5-Oct-88	19881005	-66.28180556	110.5276111	Casey	1115
7-Oct-88	19881007	-67.60269444	62.87380556	Mawson	1750
11-Oct-88	19881011	-66.28180556	110.5276111	Casey	1
20-Dec-88	19881220	-67.60269444	62.87380556	Mawson	1550
17-Mar-89	19890317	-67.60269444	62.87380556	Mawson	1
18-Mar-89	19890318	-66.28180556	110.5276111	Casey	1
24-Mar-89	19890324	-66.28180556	110.5276111	Casey	1
27-Mar-89	19890327	-67.60269444	62.87380556	Mawson	300
28-Mar-89	19890328	-67.60269444	62.87380556	Mawson	1
3-Apr-89	19890403	-66.28180556	110.5276111	Casey	1
4-Apr-89	19890404	-67.60269444	62.87380556	Mawson	1
16-Apr-89	19890416	-66.28180556	110.5276111	Casey	210
19-Apr-89	19890419	-67.60269444	62.87380556	Mawson	410
26-Apr-89	19890426	-66.28180556	110.5276111	Casey	390
30-Apr-89	19890430	-66.28180556	110.5276111	Casey	445
8-May-89	19890508	-66.28180556	110.5276111	Casey	1
14-May-89	19890514	-66.28180556	110.5276111	Casey	1
18-May-89	19890518	-66.28180556	110.5276111	Casey	180
20-May-89	19890520	-67.60269444	62.87380556	Mawson	830
24-May-89	19890524	-66.28180556	110.5276111	Casey	310
29-May-89	19890529	-66.28180556	110.5276111	Casey	380
18-Jun-89	19890618	-66.28180556	110.5276111	Casey	560
22-Jun-89	19890622	-66.28180556	110.5276111	Casey	610
29-Jun-89	19890629	-66.28180556	110.5276111	Casey	630
4-Jul-89	19890704	-67.60269444	62.87380556	Mawson	1150
8-Jul-89	19890708	-66.28180556	110.5276111	Casey	700
18-Jul-89	19890718	-66.28180556	110.5276111	Casey	880
9-Aug-89	19890809	-66.28180556	110.5276111	Casey	980
20-Aug-89	19890820	-66.28180556	110.5276111	Casey	1000
29-Aug-89	19890829	-67.60269444	62.87380556	Mawson	1450
31-Aug-89	19890831	-66.28180556	110.5276111	Casey	1010
30-Sep-89	19890930	-67.60269444	62.87380556	Mawson	1540
21-Nov-89	19891121	-67.60269444	62.87380556	Mawson	1510
20-Dec-89	19891220	-67.60269444	62.87380556	Mawson	1100
24-Mar-90	19900324	-66.28180556	110.5276111	Casey	1
28-Mar-90	19900328	-66.28180556	110.5276111	Casey	180
2-Apr-90	19900402	-66.28180556	110.5276111	Casey	1
21-Apr-90	19900421	-66.28180556	110.5276111	Casey	1
24-Apr-90	19900424	-66.28180556	110.5276111	Casey	180
25-Apr-90	19900425	-66.28180556	110.5276111	Casey	1
3-May-90	19900503	-66.28180556	110.5276111	Casey	1
5-May-90	19900505	-66.28180556	110.5276111	Casey	200
11-May-90	19900511	-66.28180556	110.5276111	Casey	280
18-May-90	19900518	-66.28180556	110.5276111	Casey	310
25-May-90	19900525	-66.28180556	110.5276111	Casey	350
1-Jun-90	19900601	-66.28180556	110.5276111	Casey	500
8-Jun-90	19900608	-66.28180556	110.5276111	Casey	510
15-Jun-90	19900615	-66.28180556	110.5276111	Casey	600
19-Jun-90	19900619	-66.28180556	110.5276111	Casey	1
22-Jun-90	19900622	-66.28180556	110.5276111	Casey	1
3-Jul-90	19900703	-66.28180556	110.5276111	Casey	390
13-Jul-90	19900713	-66.28180556	110.5276111	Casey	1
17-Jul-90	19900717	-66.28180556	110.5276111	Casey	1
18-Jul-90	19900718	-66.28180556	110.5276111	Casey	1
21-Jul-90	19900721	-66.28180556	110.5276111	Casey	1
26-Jul-90	19900726	-66.28180556	110.5276111	Casey	230
31-Jul-90	19900731	-66.28180556	110.5276111	Casey	330
7-Aug-90	19900807	-66.28180556	110.5276111	Casey	380
17-Aug-90	19900817	-66.28180556	110.5276111	Casey	450
28-Aug-90	19900828	-66.28180556	110.5276111	Casey	580
1-Sep-90	19900901	-66.28180556	110.5276111	Casey	610
6-Sep-90	19900906	-66.28180556	110.5276111	Casey	700
25-Sep-90	19900925	-66.28180556	110.5276111	Casey	780
9-Oct-90	19901009	-66.28180556	110.5276111	Casey	890
16-Oct-90	19901016	-66.28180556	110.5276111	Casey	880
22-Oct-90	19901022	-66.28180556	110.5276111	Casey	900
6-Nov-90	19901106	-66.28180556	110.5276111	Casey	980
15-Nov-90	19901115	-66.28180556	110.5276111	Casey	940
22-Nov-90	19901122	-66.28180556	110.5276111	Casey	1100
28-Nov-90	19901128	-66.28180556	110.5276111	Casey	980
5-Dec-90	19901205	-66.28180556	110.5276111	Casey	960
9-Dec-90	19901209	-66.28180556	110.5276111	Casey	1
18-Mar-91	19910318	-66.28180556	110.5276111	Casey	1
20-Mar-91	19910320	-66.28180556	110.5276111	Casey	1
24-Mar-91	19910324	-66.28180556	110.5276111	Casey	1
6-Apr-91	19910406	-66.28180556	110.5276111	Casey	1
8-Apr-91	19910408	-66.28180556	110.5276111	Casey	1
14-Apr-91	19910414	-66.28180556	110.5276111	Casey	1
16-Apr-91	19910416	-66.28180556	110.5276111	Casey	1
20-Apr-91	19910420	-66.28180556	110.5276111	Casey	170
25-Apr-91	19910425	-66.28180556	110.5276111	Casey	1
1-May-91	19910501	-66.28180556	110.5276111	Casey	1
5-May-91	19910505	-66.28180556	110.5276111	Casey	150
12-May-91	19910512	-66.28180556	110.5276111	Casey	225
19-May-91	19910519	-66.28180556	110.5276111	Casey	380
23-May-91	19910523	-66.28180556	110.5276111	Casey	1
24-May-91	19910524	-66.28180556	110.5276111	Casey	1
30-May-91	19910530	-66.28180556	110.5276111	Casey	280
2-Jun-91	19910602	-66.28180556	110.5276111	Casey	340
14-Jun-91	19910614	-66.28180556	110.5276111	Casey	440
23-Jun-91	19910623	-66.28180556	110.5276111	Casey	465
30-Jun-91	19910630	-66.28180556	110.5276111	Casey	1
1-Jul-91	19910701	-66.28180556	110.5276111	Casey	1
9-Jul-91	19910709	-66.28180556	110.5276111	Casey	250
18-Jul-91	19910718	-66.28180556	110.5276111	Casey	365
24-Jul-91	19910724	-66.28180556	110.5276111	Casey	420
28-Jul-91	19910728	-66.28180556	110.5276111	Casey	1
3-Aug-91	19910803	-66.28180556	110.5276111	Casey	1
9-Aug-91	19910809	-66.28180556	110.5276111	Casey	200
20-Aug-91	19910820	-66.28180556	110.5276111	Casey	400
27-Aug-91	19910827	-66.28180556	110.5276111	Casey	470
3-Sep-91	19910903	-66.28180556	110.5276111	Casey	540
10-Sep-91	19910910	-66.28180556	110.5276111	Casey	625
17-Sep-91	19910917	-66.28180556	110.5276111	Casey	670
24-Sep-91	19910924	-66.28180556	110.5276111	Casey	740
7-Oct-91	19911007	-66.28180556	110.5276111	Casey	780
8-Oct-91	19911008	-66.28180556	110.5276111	Casey	1
15-Oct-91	19911015	-66.28180556	110.5276111	Casey	1
22-Oct-91	19911022	-66.28180556	110.5276111	Casey	170
29-Oct-91	19911029	-66.28180556	110.5276111	Casey	210
7-Nov-91	19911107	-66.28180556	110.5276111	Casey	265
11-Nov-91	19911111	-66.28180556	110.5276111	Casey	1
16-Mar-92	19920316	-66.28180556	110.5276111	Casey	1
20-Mar-92	19920320	-66.28180556	110.5276111	Casey	1
27-Mar-92	19920327	-66.28180556	110.5276111	Casey	1
1-Apr-92	19920401	-66.28180556	110.5276111	Casey	140
7-Apr-92	19920407	-66.28180556	110.5276111	Casey	220
15-Apr-92	19920415	-66.28180556	110.5276111	Casey	320
22-Apr-92	19920422	-66.28180556	110.5276111	Casey	490
23-Apr-92	19920423	-66.28180556	110.5276111	Casey	1
30-Apr-92	19920430	-66.28180556	110.5276111	Casey	1
6-May-92	19920506	-66.28180556	110.5276111	Casey	200
13-May-92	19920513	-66.28180556	110.5276111	Casey	350
20-May-92	19920520	-66.28180556	110.5276111	Casey	400
27-May-92	19920527	-66.28180556	110.5276111	Casey	440
4-Jun-92	19920604	-66.28180556	110.5276111	Casey	540
10-Jun-92	19920610	-66.28180556	110.5276111	Casey	620
17-Jun-92	19920617	-66.28180556	110.5276111	Casey	700
2-Jul-92	19920702	-66.28180556	110.5276111	Casey	890
14-Jul-92	19920714	-66.28180556	110.5276111	Casey	1020
22-Jul-92	19920722	-66.28180556	110.5276111	Casey	1040
30-Jul-92	19920730	-66.28180556	110.5276111	Casey	1230
11-Aug-92	19920811	-66.28180556	110.5276111	Casey	1
15-Aug-92	19920815	-66.28180556	110.5276111	Casey	1
19-Aug-92	19920819	-66.28180556	110.5276111	Casey	300
4-Sep-92	19920904	-66.28180556	110.5276111	Casey	450
23-Sep-92	19920923	-66.28180556	110.5276111	Casey	610
7-Oct-92	19921007	-66.28180556	110.5276111	Casey	670
21-Oct-92	19921021	-66.28180556	110.5276111	Casey	800
15-Jan-02	20020115	-68.57661111	77.96738889	Davis	0