19540401	-67.60269444	62.87380556	1
19540403	-67.60269444	62.87380556	90
19540404	-67.60269444	62.87380556	200
19540407	-67.60269444	62.87380556	280
19540410	-67.60269444	62.87380556	340
19540417	-67.60269444	62.87380556	440
19540426	-67.60269444	62.87380556	560
19540516	-67.60269444	62.87380556	660
19540629	-67.60269444	62.87380556	990
19540727	-67.60269444	62.87380556	1170
19540830	-67.60269444	62.87380556	1350
19541002	-67.60269444	62.87380556	1710
19541031	-67.60269444	62.87380556	1640
19541202	-67.60269444	62.87380556	1450
19541215	-67.60269444	62.87380556	1330
19541217	-67.60269444	62.87380556	1320
19550126	-67.60269444	62.87380556	1
19550316	-67.60269444	62.87380556	1
19550320	-67.60269444	62.87380556	80
19550403	-67.60269444	62.87380556	380
19550427	-67.60269444	62.87380556	690
19550605	-67.60269444	62.87380556	740
19550715	-67.60269444	62.87380556	990
19550827	-67.60269444	62.87380556	1370
19550925	-67.60269444	62.87380556	1520
19551020	-67.60269444	62.87380556	1460
19551214	-67.60269444	62.87380556	1330
19560129	-67.60269444	62.87380556	1
19560314	-67.60269444	62.87380556	1
19560318	-67.60269444	62.87380556	1
19560321	-67.60269444	62.87380556	1
19560326	-67.60269444	62.87380556	280
19560527	-67.60269444	62.87380556	910
19561127	-67.60269444	62.87380556	1360
19561208	-67.60269444	62.87380556	1230
19561213	-67.60269444	62.87380556	1180
19561216	-67.60269444	62.87380556	1160
19561218	-67.60269444	62.87380556	1030
19561220	-67.60269444	62.87380556	960
19561221	-67.60269444	62.87380556	880
19561223	-67.60269444	62.87380556	740
19561225	-67.60269444	62.87380556	670
19561228	-67.60269444	62.87380556	600
19570101	-67.60269444	62.87380556	550
19570103	-67.60269444	62.87380556	520
19570104	-67.60269444	62.87380556	500
19570106	-67.60269444	62.87380556	470
19570108	-67.60269444	62.87380556	380
19570120	-67.60269444	62.87380556	1
19570321	-68.57661111	77.96738889	1
19570322	-68.57661111	77.96738889	140
19570323	-68.57661111	77.96738889	160
19570325	-68.57661111	77.96738889	230
19570326	-68.57661111	77.96738889	240
19570331	-68.57661111	77.96738889	280
19570331	-67.60269444	62.87380556	1
19570406	-67.60269444	62.87380556	205
19570407	-68.57661111	77.96738889	340
19570408	-67.60269444	62.87380556	230
19570410	-67.60269444	62.87380556	270
19570414	-68.57661111	77.96738889	390
19570415	-67.60269444	62.87380556	420
19570416	-67.60269444	62.87380556	430
19570417	-67.60269444	62.87380556	450
19570418	-67.60269444	62.87380556	465
19570419	-67.60269444	62.87380556	475
19570421	-68.57661111	77.96738889	440
19570421	-67.60269444	62.87380556	490
19570422	-67.60269444	62.87380556	490
19570423	-67.60269444	62.87380556	485
19570424	-67.60269444	62.87380556	490
19570425	-67.60269444	62.87380556	495
19570426	-67.60269444	62.87380556	495
19570427	-67.60269444	62.87380556	500
19570428	-68.57661111	77.96738889	560
19570428	-67.60269444	62.87380556	500
19570429	-67.60269444	62.87380556	510
19570430	-67.60269444	62.87380556	515
19570501	-67.60269444	62.87380556	535
19570502	-67.60269444	62.87380556	545
19570503	-67.60269444	62.87380556	565
19570504	-67.60269444	62.87380556	580
19570505	-68.57661111	77.96738889	580
19570505	-67.60269444	62.87380556	590
19570506	-67.60269444	62.87380556	610
19570507	-67.60269444	62.87380556	620
19570508	-67.60269444	62.87380556	640
19570509	-67.60269444	62.87380556	640
19570510	-67.60269444	62.87380556	645
19570512	-68.57661111	77.96738889	720
19570513	-67.60269444	62.87380556	670
19570514	-67.60269444	62.87380556	685
19570519	-68.57661111	77.96738889	770
19570526	-68.57661111	77.96738889	850
19570531	-67.60269444	62.87380556	845
19570602	-68.57661111	77.96738889	860
19570609	-68.57661111	77.96738889	890
19570610	-67.60269444	62.87380556	890
19570619	-67.60269444	62.87380556	950
19570623	-68.57661111	77.96738889	1010
19570706	-68.57661111	77.96738889	1050
19570712	-67.60269444	62.87380556	1080
19570720	-68.57661111	77.96738889	1140
19570721	-67.60269444	62.87380556	1180
19570729	-67.60269444	62.87380556	1245
19570802	-67.60269444	62.87380556	1275
19570803	-68.57661111	77.96738889	1310
19570809	-67.60269444	62.87380556	1320
19570817	-68.57661111	77.96738889	1400
19570817	-67.60269444	62.87380556	1365
19570823	-67.60269444	62.87380556	1410
19570831	-68.57661111	77.96738889	1470
19570831	-67.60269444	62.87380556	1435
19570914	-68.57661111	77.96738889	1470
19570914	-67.60269444	62.87380556	1505
19570916	-67.60269444	62.87380556	1510
19570920	-67.60269444	62.87380556	1530
19570927	-68.57661111	77.96738889	1600
19570927	-67.60269444	62.87380556	1550
19571004	-67.60269444	62.87380556	1550
19571012	-68.57661111	77.96738889	1650
19571012	-67.60269444	62.87380556	1545
19571018	-67.60269444	62.87380556	1525
19571026	-68.57661111	77.96738889	1620
19571026	-67.60269444	62.87380556	1510
19571101	-67.60269444	62.87380556	1520
19571108	-67.60269444	62.87380556	1480
19571109	-68.57661111	77.96738889	1690
19571115	-67.60269444	62.87380556	1470
19571122	-67.60269444	62.87380556	1460
19571123	-68.57661111	77.96738889	1680
19571130	-67.60269444	62.87380556	1400
19571206	-67.60269444	62.87380556	1370
19571207	-68.57661111	77.96738889	1540
19571213	-67.60269444	62.87380556	1350
19571220	-67.60269444	62.87380556	1270
19580108	-67.60269444	62.87380556	1156
19580114	-67.60269444	62.87380556	1041
19580117	-67.60269444	62.87380556	1029
19580121	-67.60269444	62.87380556	927
19580128	-67.60269444	62.87380556	889
19580129	-67.60269444	62.87380556	1
19580202	-67.60269444	62.87380556	845
19580206	-67.60269444	62.87380556	810
19580211	-67.60269444	62.87380556	724
19580309	-68.57661111	77.96738889	1
19580317	-68.57661111	77.96738889	102
19580325	-68.57661111	77.96738889	178
19580330	-68.57661111	77.96738889	1
19580402	-67.60269444	62.87380556	1
19580403	-68.57661111	77.96738889	1
19580404	-67.60269444	62.87380556	80
19580407	-68.57661111	77.96738889	191
19580411	-68.57661111	77.96738889	305
19580418	-68.57661111	77.96738889	368
19580422	-68.57661111	77.96738889	406
19580425	-68.57661111	77.96738889	445
19580429	-68.57661111	77.96738889	533
19580430	-67.60269444	62.87380556	686
19580502	-68.57661111	77.96738889	584
19580507	-67.60269444	62.87380556	749
19580514	-67.60269444	62.87380556	775
19580516	-68.57661111	77.96738889	673
19580521	-67.60269444	62.87380556	864
19580528	-67.60269444	62.87380556	916
19580530	-68.57661111	77.96738889	762
19580609	-67.60269444	62.87380556	972
19580613	-68.57661111	77.96738889	889
19580618	-67.60269444	62.87380556	1016
19580627	-68.57661111	77.96738889	1003
19580705	-67.60269444	62.87380556	1086
19580709	-67.60269444	62.87380556	1080
19580711	-68.57661111	77.96738889	1092
19580716	-67.60269444	62.87380556	1099
19580717	-68.57661111	77.96738889	1143
19580723	-67.60269444	62.87380556	1130
19580726	-68.57661111	77.96738889	1168
19580730	-67.60269444	62.87380556	1181
19580806	-67.60269444	62.87380556	1226
19580808	-68.57661111	77.96738889	1283
19580813	-67.60269444	62.87380556	1257
19580820	-67.60269444	62.87380556	1283
19580822	-68.57661111	77.96738889	1372
19580829	-67.60269444	62.87380556	1340
19580903	-67.60269444	62.87380556	1372
19580905	-68.57661111	77.96738889	1486
19580910	-67.60269444	62.87380556	1372
19580919	-67.60269444	62.87380556	1429
19580920	-68.57661111	77.96738889	1549
19580924	-67.60269444	62.87380556	1448
19581001	-67.60269444	62.87380556	1473
19581007	-68.57661111	77.96738889	1664
19581008	-67.60269444	62.87380556	1486
19581015	-67.60269444	62.87380556	1499
19581022	-67.60269444	62.87380556	1499
19581029	-67.60269444	62.87380556	1486
19581105	-67.60269444	62.87380556	1467
19581112	-67.60269444	62.87380556	1441
19581119	-67.60269444	62.87380556	1416
19581126	-67.60269444	62.87380556	1391
19581203	-67.60269444	62.87380556	1359
19581211	-67.60269444	62.87380556	1321
19581217	-67.60269444	62.87380556	1295
19581224	-67.60269444	62.87380556	1264
19581231	-67.60269444	62.87380556	1213
19620327	-67.60269444	62.87380556	1
19620329	-67.60269444	62.87380556	129
19620330	-67.60269444	62.87380556	167
19620331	-67.60269444	62.87380556	190
19620410	-67.60269444	62.87380556	372
19620719	-67.60269444	62.87380556	1240
19620724	-67.60269444	62.87380556	1260
19620729	-67.60269444	62.87380556	1284
19620803	-67.60269444	62.87380556	1318
19620810	-67.60269444	62.87380556	1370
19620816	-67.60269444	62.87380556	1397
19620822	-67.60269444	62.87380556	1400
19620831	-67.60269444	62.87380556	1450
19620906	-67.60269444	62.87380556	1465
19620913	-67.60269444	62.87380556	1480
19620916	-67.60269444	62.87380556	1504
19620919	-67.60269444	62.87380556	1506
19620922	-67.60269444	62.87380556	1505
19620925	-67.60269444	62.87380556	1510
19620928	-67.60269444	62.87380556	1509
19621001	-67.60269444	62.87380556	1509
19621004	-67.60269444	62.87380556	1507
19621007	-67.60269444	62.87380556	1501
19621010	-67.60269444	62.87380556	1494
19621013	-67.60269444	62.87380556	1490
19621016	-67.60269444	62.87380556	1484
19621019	-67.60269444	62.87380556	1488
19621022	-67.60269444	62.87380556	1484
19621025	-67.60269444	62.87380556	1483
19621028	-67.60269444	62.87380556	1478
19621031	-67.60269444	62.87380556	1475
19621103	-67.60269444	62.87380556	1472
19621106	-67.60269444	62.87380556	1460
19621109	-67.60269444	62.87380556	1457
19621112	-67.60269444	62.87380556	1445
19621116	-67.60269444	62.87380556	1437
19621118	-67.60269444	62.87380556	1423
19621121	-67.60269444	62.87380556	1418
19621125	-67.60269444	62.87380556	1406
19621127	-67.60269444	62.87380556	1405
19621130	-67.60269444	62.87380556	1393
19621203	-67.60269444	62.87380556	1376
19621206	-67.60269444	62.87380556	1365
19621207	-67.60269444	62.87380556	1359
19630122	-67.60269444	62.87380556	1
19650325	-67.60269444	62.87380556	1
19650401	-67.60269444	62.87380556	220
19650406	-67.60269444	62.87380556	320
19650410	-67.60269444	62.87380556	380
19650415	-67.60269444	62.87380556	450
19650420	-67.60269444	62.87380556	500
19650425	-67.60269444	62.87380556	550
19650430	-67.60269444	62.87380556	580
19650505	-67.60269444	62.87380556	610
19650510	-67.60269444	62.87380556	1
19650514	-67.60269444	62.87380556	1
19650515	-67.60269444	62.87380556	50
19650516	-67.60269444	62.87380556	100
19650518	-67.60269444	62.87380556	200
19650520	-67.60269444	62.87380556	280
19650525	-67.60269444	62.87380556	370
19650530	-67.60269444	62.87380556	420
19650610	-67.60269444	62.87380556	530
19650620	-67.60269444	62.87380556	680
19650630	-67.60269444	62.87380556	840
19650710	-67.60269444	62.87380556	940
19650721	-67.60269444	62.87380556	1030
19650730	-67.60269444	62.87380556	1120
19650809	-67.60269444	62.87380556	1180
19650814	-67.60269444	62.87380556	1210
19650819	-67.60269444	62.87380556	1240
19650825	-67.60269444	62.87380556	1260
19650830	-67.60269444	62.87380556	1270
19650910	-67.60269444	62.87380556	1300
19650920	-67.60269444	62.87380556	1330
19651001	-67.60269444	62.87380556	1350
19651010	-67.60269444	62.87380556	1350
19651012	-67.60269444	62.87380556	1350
19651013	-67.60269444	62.87380556	1350
19651020	-67.60269444	62.87380556	1340
19651025	-67.60269444	62.87380556	1330
19651030	-67.60269444	62.87380556	1320
19651101	-67.60269444	62.87380556	1320
19651115	-67.60269444	62.87380556	1310
19670407	-67.60269444	62.87380556	1
19670409	-67.60269444	62.87380556	40
19670410	-67.60269444	62.87380556	80
19670412	-67.60269444	62.87380556	120
19670413	-67.60269444	62.87380556	150
19670415	-67.60269444	62.87380556	200
19670419	-67.60269444	62.87380556	380
19670420	-67.60269444	62.87380556	420
19670430	-67.60269444	62.87380556	460
19670503	-67.60269444	62.87380556	520
19670511	-67.60269444	62.87380556	560
19670517	-67.60269444	62.87380556	630
19670525	-67.60269444	62.87380556	700
19670531	-67.60269444	62.87380556	710
19670608	-67.60269444	62.87380556	750
19670615	-67.60269444	62.87380556	880
19670630	-67.60269444	62.87380556	940
19670705	-67.60269444	62.87380556	970
19670712	-67.60269444	62.87380556	1020
19670719	-67.60269444	62.87380556	1050
19670728	-67.60269444	62.87380556	1080
19670731	-67.60269444	62.87380556	1110
19670803	-67.60269444	62.87380556	1140
19670810	-67.60269444	62.87380556	1200
19670816	-67.60269444	62.87380556	1240
19670825	-67.60269444	62.87380556	1280
19670831	-67.60269444	62.87380556	1330
19670906	-67.60269444	62.87380556	1330
19670913	-67.60269444	62.87380556	1350
19670921	-67.60269444	62.87380556	1360
19671004	-67.60269444	62.87380556	1380
19671011	-67.60269444	62.87380556	1380
19671018	-67.60269444	62.87380556	1360
19671025	-67.60269444	62.87380556	1360
19671101	-67.60269444	62.87380556	1350
19671109	-67.60269444	62.87380556	1340
19671115	-67.60269444	62.87380556	1320
19671122	-67.60269444	62.87380556	1280
19671130	-67.60269444	62.87380556	1250
19671207	-67.60269444	62.87380556	1210
19671213	-67.60269444	62.87380556	1150
19671219	-67.60269444	62.87380556	1060
19680107	-67.60269444	62.87380556	1
19690325	-67.60269444	62.87380556	1
19690326	-67.60269444	62.87380556	40
19690327	-67.60269444	62.87380556	110
19690330	-67.60269444	62.87380556	1
19690414	-67.60269444	62.87380556	1
19690415	-67.60269444	62.87380556	100
19690419	-67.60269444	62.87380556	230
19690422	-67.60269444	62.87380556	304
19690423	-67.60269444	62.87380556	332
19690424	-67.60269444	62.87380556	357
19690426	-67.60269444	62.87380556	395
19690428	-67.60269444	62.87380556	434
19690429	-67.60269444	62.87380556	453
19690506	-67.60269444	62.87380556	543
19690508	-67.60269444	62.87380556	560
19690514	-67.60269444	62.87380556	587
19690516	-67.60269444	62.87380556	611
19690521	-67.60269444	62.87380556	636
19690522	-67.60269444	62.87380556	643
19690526	-67.60269444	62.87380556	670
19690528	-67.60269444	62.87380556	685
19690602	-67.60269444	62.87380556	717
19690603	-67.60269444	62.87380556	736
19690607	-67.60269444	62.87380556	761
19690609	-67.60269444	62.87380556	784
19690611	-67.60269444	62.87380556	782
19690612	-67.60269444	62.87380556	786
19690613	-67.60269444	62.87380556	793
19690617	-67.60269444	62.87380556	826
19690618	-67.60269444	62.87380556	823
19690619	-67.60269444	62.87380556	827
19690620	-67.60269444	62.87380556	840
19690623	-67.60269444	62.87380556	865
19690627	-67.60269444	62.87380556	881
19690630	-67.60269444	62.87380556	914
19690701	-67.60269444	62.87380556	926
19690703	-67.60269444	62.87380556	936
19690704	-67.60269444	62.87380556	954
19690705	-67.60269444	62.87380556	956
19690707	-67.60269444	62.87380556	974
19690708	-67.60269444	62.87380556	970
19690709	-67.60269444	62.87380556	982
19690711	-67.60269444	62.87380556	992
19690712	-67.60269444	62.87380556	1004
19690715	-67.60269444	62.87380556	1034
19690716	-67.60269444	62.87380556	1060
19690718	-67.60269444	62.87380556	1058
19690721	-67.60269444	62.87380556	1082
19690723	-67.60269444	62.87380556	1099
19690725	-67.60269444	62.87380556	1112
19690726	-67.60269444	62.87380556	1130
19690730	-67.60269444	62.87380556	1144
19690731	-67.60269444	62.87380556	1145
19690802	-67.60269444	62.87380556	1155
19690805	-67.60269444	62.87380556	1156
19690808	-67.60269444	62.87380556	1169
19690809	-67.60269444	62.87380556	1175
19690812	-67.60269444	62.87380556	1192
19690814	-67.60269444	62.87380556	1200
19690817	-67.60269444	62.87380556	1223
19690819	-67.60269444	62.87380556	1236
19690822	-67.60269444	62.87380556	1246
19690828	-67.60269444	62.87380556	1255
19690830	-67.60269444	62.87380556	1252
19690902	-67.60269444	62.87380556	1254
19690903	-67.60269444	62.87380556	1272
19690904	-67.60269444	62.87380556	1272
19690906	-67.60269444	62.87380556	1287
19690909	-67.60269444	62.87380556	1294
19690910	-67.60269444	62.87380556	1290
19690911	-67.60269444	62.87380556	1293
19690912	-67.60269444	62.87380556	1293
19690915	-67.60269444	62.87380556	1305
19690918	-67.60269444	62.87380556	1302
19690919	-67.60269444	62.87380556	1293
19690920	-67.60269444	62.87380556	1304
19690922	-67.60269444	62.87380556	1290
19690924	-67.60269444	62.87380556	1303
19690926	-67.60269444	62.87380556	1293
19690927	-67.60269444	62.87380556	1303
19690930	-67.60269444	62.87380556	1300
19691001	-67.60269444	62.87380556	1305
19691004	-67.60269444	62.87380556	1305
19691006	-67.60269444	62.87380556	1308
19691008	-67.60269444	62.87380556	1303
19691009	-67.60269444	62.87380556	1308
19691011	-67.60269444	62.87380556	1302
19691013	-67.60269444	62.87380556	1298
19691014	-67.60269444	62.87380556	1297
19691016	-67.60269444	62.87380556	1296
19691017	-67.60269444	62.87380556	1296
19691021	-67.60269444	62.87380556	1290
19691022	-67.60269444	62.87380556	1289
19691024	-67.60269444	62.87380556	1287
19691027	-67.60269444	62.87380556	1285
19691028	-67.60269444	62.87380556	1281
19691030	-67.60269444	62.87380556	1283
19691101	-67.60269444	62.87380556	1278
19691103	-67.60269444	62.87380556	1272
19691104	-67.60269444	62.87380556	1270
19691105	-67.60269444	62.87380556	1268
19691106	-67.60269444	62.87380556	1263
19691107	-67.60269444	62.87380556	1258
19691110	-67.60269444	62.87380556	1249
19691112	-67.60269444	62.87380556	1248
19691114	-67.60269444	62.87380556	1244
19691116	-67.60269444	62.87380556	1238
19691118	-67.60269444	62.87380556	1227
19691119	-67.60269444	62.87380556	1226
19691201	-67.60269444	62.87380556	1200
19691204	-67.60269444	62.87380556	1196
19691205	-67.60269444	62.87380556	1184
19691210	-67.60269444	62.87380556	1170
19691211	-67.60269444	62.87380556	1170
19691215	-67.60269444	62.87380556	1151
19691216	-67.60269444	62.87380556	1139
19691217	-67.60269444	62.87380556	1138
19691218	-67.60269444	62.87380556	1130
19691220	-67.60269444	62.87380556	1120
19691222	-67.60269444	62.87380556	1095
19691223	-67.60269444	62.87380556	1087
19691224	-67.60269444	62.87380556	1082
19691226	-67.60269444	62.87380556	1075
19691230	-67.60269444	62.87380556	1032
19700113	-67.60269444	62.87380556	1
19700322	-67.60269444	62.87380556	1
19700323	-67.60269444	62.87380556	78
19700325	-67.60269444	62.87380556	128
19700326	-67.60269444	62.87380556	165
19700328	-67.60269444	62.87380556	176
19700329	-67.60269444	62.87380556	191
19700330	-67.60269444	62.87380556	202
19700331	-67.60269444	62.87380556	216
19700401	-67.60269444	62.87380556	254
19700403	-67.60269444	62.87380556	280
19700404	-67.60269444	62.87380556	289
19700406	-67.60269444	62.87380556	300
19700407	-67.60269444	62.87380556	302
19700409	-67.60269444	62.87380556	322
19700410	-67.60269444	62.87380556	327
19700411	-67.60269444	62.87380556	332
19700412	-67.60269444	62.87380556	344
19700413	-67.60269444	62.87380556	353
19700414	-67.60269444	62.87380556	362
19700415	-67.60269444	62.87380556	379
19700416	-67.60269444	62.87380556	388
19700417	-67.60269444	62.87380556	396
19700418	-67.60269444	62.87380556	406
19700421	-67.60269444	62.87380556	445
19700422	-67.60269444	62.87380556	458
19700424	-67.60269444	62.87380556	462
19700426	-67.60269444	62.87380556	475
19700428	-67.60269444	62.87380556	492
19700501	-67.60269444	62.87380556	550
19700503	-67.60269444	62.87380556	575
19700505	-67.60269444	62.87380556	612
19700507	-67.60269444	62.87380556	638
19700509	-67.60269444	62.87380556	657
19700512	-67.60269444	62.87380556	685
19700515	-67.60269444	62.87380556	728
19700518	-67.60269444	62.87380556	770
19700521	-67.60269444	62.87380556	799
19700524	-67.60269444	62.87380556	825
19700526	-67.60269444	62.87380556	836
19700529	-67.60269444	62.87380556	871
19700601	-67.60269444	62.87380556	902
19700603	-67.60269444	62.87380556	926
19700605	-67.60269444	62.87380556	952
19700608	-67.60269444	62.87380556	965
19700610	-67.60269444	62.87380556	985
19700612	-67.60269444	62.87380556	999
19700614	-67.60269444	62.87380556	1012
19700617	-67.60269444	62.87380556	1030
19700619	-67.60269444	62.87380556	1046
19700621	-67.60269444	62.87380556	1059
19700623	-67.60269444	62.87380556	1074
19700626	-67.60269444	62.87380556	1095
19700629	-67.60269444	62.87380556	1103
19700701	-67.60269444	62.87380556	1115
19700703	-67.60269444	62.87380556	1127
19700717	-67.60269444	62.87380556	1149
19700720	-67.60269444	62.87380556	1154
19700723	-67.60269444	62.87380556	1157
19700725	-67.60269444	62.87380556	1160
19700728	-67.60269444	62.87380556	1167
19700731	-67.60269444	62.87380556	1175
19700803	-67.60269444	62.87380556	1182
19700806	-67.60269444	62.87380556	1192
19700809	-67.60269444	62.87380556	1197
19700811	-67.60269444	62.87380556	1202
19700814	-67.60269444	62.87380556	1209
19700817	-67.60269444	62.87380556	1214
19700820	-67.60269444	62.87380556	1218
19700822	-67.60269444	62.87380556	1221
19700826	-67.60269444	62.87380556	1227
19700829	-67.60269444	62.87380556	1230
19700901	-67.60269444	62.87380556	1232
19700903	-67.60269444	62.87380556	1232
19700905	-67.60269444	62.87380556	1239
19700908	-67.60269444	62.87380556	1241
19700911	-67.60269444	62.87380556	1248
19700913	-67.60269444	62.87380556	1251
19700916	-67.60269444	62.87380556	1257
19700919	-67.60269444	62.87380556	1265
19700922	-67.60269444	62.87380556	1276
19700926	-67.60269444	62.87380556	1289
19700929	-67.60269444	62.87380556	1302
19701002	-67.60269444	62.87380556	1309
19701003	-67.60269444	62.87380556	1312
19701006	-67.60269444	62.87380556	1317
19701009	-67.60269444	62.87380556	1319
19701012	-67.60269444	62.87380556	1321
19701014	-67.60269444	62.87380556	1320
19701017	-67.60269444	62.87380556	1314
19701019	-67.60269444	62.87380556	1310
19701022	-67.60269444	62.87380556	1308
19701025	-67.60269444	62.87380556	1307
19701028	-67.60269444	62.87380556	1304
19701031	-67.60269444	62.87380556	1301
19701102	-67.60269444	62.87380556	1294
19701105	-67.60269444	62.87380556	1285
19701108	-67.60269444	62.87380556	1276
19701111	-67.60269444	62.87380556	1267
19701114	-67.60269444	62.87380556	1260
19701117	-67.60269444	62.87380556	1254
19701120	-67.60269444	62.87380556	1247
19701123	-67.60269444	62.87380556	1244
19701126	-67.60269444	62.87380556	1235
19701129	-67.60269444	62.87380556	1223
19701202	-67.60269444	62.87380556	1210
19701205	-67.60269444	62.87380556	1195
19701208	-67.60269444	62.87380556	1170
19701211	-67.60269444	62.87380556	1150
19701214	-67.60269444	62.87380556	1131
19710107	-67.60269444	62.87380556	1
19710323	-67.60269444	62.87380556	1
19710328	-67.60269444	62.87380556	1
19710401	-67.60269444	62.87380556	1
19710413	-67.60269444	62.87380556	360
19710418	-67.60269444	62.87380556	520
19710421	-67.60269444	62.87380556	530
19710425	-67.60269444	62.87380556	580
19710428	-67.60269444	62.87380556	610
19710505	-67.60269444	62.87380556	670
19710509	-67.60269444	62.87380556	710
19710512	-67.60269444	62.87380556	740
19710516	-67.60269444	62.87380556	770
19710519	-67.60269444	62.87380556	800
19710523	-67.60269444	62.87380556	850
19710526	-67.60269444	62.87380556	900
19710530	-67.60269444	62.87380556	920
19710602	-67.60269444	62.87380556	940
19710606	-67.60269444	62.87380556	970
19710609	-67.60269444	62.87380556	1000
19710614	-67.60269444	62.87380556	1040
19710616	-67.60269444	62.87380556	1060
19710620	-67.60269444	62.87380556	1070
19710623	-67.60269444	62.87380556	1100
19710628	-67.60269444	62.87380556	1130
19710630	-67.60269444	62.87380556	1140
19710704	-67.60269444	62.87380556	1140
19710707	-67.60269444	62.87380556	1150
19710711	-67.60269444	62.87380556	1170
19710714	-67.60269444	62.87380556	1180
19710718	-67.60269444	62.87380556	1210
19710721	-67.60269444	62.87380556	1230
19710725	-67.60269444	62.87380556	1250
19710728	-67.60269444	62.87380556	1280
19710801	-67.60269444	62.87380556	1300
19710811	-67.60269444	62.87380556	1350
19710815	-67.60269444	62.87380556	1360
19710818	-67.60269444	62.87380556	1370
19710822	-67.60269444	62.87380556	1390
19710825	-67.60269444	62.87380556	1400
19710829	-67.60269444	62.87380556	1400
19710905	-67.60269444	62.87380556	1390
19710908	-67.60269444	62.87380556	1400
19710912	-67.60269444	62.87380556	1410
19710915	-67.60269444	62.87380556	1410
19710919	-67.60269444	62.87380556	1420
19710922	-67.60269444	62.87380556	1430
19710926	-67.60269444	62.87380556	1440
19710929	-67.60269444	62.87380556	1440
19711003	-67.60269444	62.87380556	1440
19711007	-67.60269444	62.87380556	1450
19711011	-67.60269444	62.87380556	1450
19711013	-67.60269444	62.87380556	1450
19711017	-67.60269444	62.87380556	1450
19711020	-67.60269444	62.87380556	1440
19711024	-67.60269444	62.87380556	1430
19711027	-67.60269444	62.87380556	1430
19711031	-67.60269444	62.87380556	1420
19711103	-67.60269444	62.87380556	1410
19711107	-67.60269444	62.87380556	1410
19711110	-67.60269444	62.87380556	1400
19711114	-67.60269444	62.87380556	1390
19711117	-67.60269444	62.87380556	1370
19711121	-67.60269444	62.87380556	1370
19711124	-67.60269444	62.87380556	1350
19711128	-67.60269444	62.87380556	1340
19711201	-67.60269444	62.87380556	1320
19711205	-67.60269444	62.87380556	1310
19711208	-67.60269444	62.87380556	1270
19711212	-67.60269444	62.87380556	1250
19711215	-67.60269444	62.87380556	1230
19711219	-67.60269444	62.87380556	1170
19720115	-67.60269444	62.87380556	1
19730326	-67.60269444	62.87380556	1
19730412	-67.60269444	62.87380556	250
19730528	-67.60269444	62.87380556	1120
19730609	-67.60269444	62.87380556	1170
19730917	-67.60269444	62.87380556	1460
19730921	-67.60269444	62.87380556	1470
19730927	-67.60269444	62.87380556	1470
19731007	-67.60269444	62.87380556	1475
19731113	-67.60269444	62.87380556	1260
19740112	-67.60269444	62.87380556	1
19740126	-67.60269444	62.87380556	1
19740318	-67.60269444	62.87380556	1
19740807	-67.60269444	62.87380556	1370
19740820	-67.60269444	62.87380556	1410
19740903	-67.60269444	62.87380556	1460
19741002	-67.60269444	62.87380556	1530
19741021	-67.60269444	62.87380556	1500
19741102	-67.60269444	62.87380556	1480
19741202	-67.60269444	62.87380556	1360
19741231	-67.60269444	62.87380556	800
19760118	-67.60269444	62.87380556	1
19760327	-67.60269444	62.87380556	1
19760330	-67.60269444	62.87380556	170
19760402	-67.60269444	62.87380556	280
19760405	-67.60269444	62.87380556	300
19760407	-67.60269444	62.87380556	320
19760418	-67.60269444	62.87380556	520
19760430	-67.60269444	62.87380556	620
19760510	-67.60269444	62.87380556	1050
19760515	-67.60269444	62.87380556	820
19760524	-67.60269444	62.87380556	940
19760531	-67.60269444	62.87380556	1000
19760615	-67.60269444	62.87380556	1075
19760625	-67.60269444	62.87380556	1155
19760630	-67.60269444	62.87380556	1175
19760702	-67.60269444	62.87380556	1185
19760704	-67.60269444	62.87380556	1195
19760707	-67.60269444	62.87380556	1210
19760710	-67.60269444	62.87380556	1225
19760715	-67.60269444	62.87380556	1245
19760717	-67.60269444	62.87380556	1255
19760720	-67.60269444	62.87380556	1295
19760726	-67.60269444	62.87380556	1313
19760729	-67.60269444	62.87380556	1330
19760731	-67.60269444	62.87380556	1330
19760802	-67.60269444	62.87380556	1340
19760805	-67.60269444	62.87380556	1355
19760808	-67.60269444	62.87380556	1370
19760810	-67.60269444	62.87380556	1385
19760813	-67.60269444	62.87380556	1390
19760815	-67.60269444	62.87380556	1400
19760820	-67.60269444	62.87380556	1415
19760822	-67.60269444	62.87380556	1425
19760825	-67.60269444	62.87380556	1435
19760827	-67.60269444	62.87380556	1445
19760831	-67.60269444	62.87380556	1460
19760911	-67.60269444	62.87380556	1505
19760913	-67.60269444	62.87380556	1515
19760917	-67.60269444	62.87380556	1535
19760920	-67.60269444	62.87380556	1540
19760922	-67.60269444	62.87380556	1545
19760924	-67.60269444	62.87380556	1550
19760927	-67.60269444	62.87380556	1555
19760930	-67.60269444	62.87380556	1555
19761001	-67.60269444	62.87380556	1565
19761003	-67.60269444	62.87380556	1560
19761005	-67.60269444	62.87380556	1570
19761007	-67.60269444	62.87380556	1565
19761010	-67.60269444	62.87380556	1570
19761013	-67.60269444	62.87380556	1565
19761018	-67.60269444	62.87380556	1565
19761021	-67.60269444	62.87380556	1565
19761023	-67.60269444	62.87380556	1565
19761025	-67.60269444	62.87380556	1555
19761028	-67.60269444	62.87380556	1560
19761101	-67.60269444	62.87380556	1550
19761103	-67.60269444	62.87380556	1540
19761105	-67.60269444	62.87380556	1525
19761106	-67.60269444	62.87380556	1515
19761108	-67.60269444	62.87380556	1520
19761110	-67.60269444	62.87380556	1505
19761113	-67.60269444	62.87380556	1500
19761115	-67.60269444	62.87380556	1500
19761118	-67.60269444	62.87380556	1500
19761122	-67.60269444	62.87380556	1490
19761125	-67.60269444	62.87380556	1480
19761127	-67.60269444	62.87380556	1480
19761129	-67.60269444	62.87380556	1475
19761130	-67.60269444	62.87380556	1475
19761203	-67.60269444	62.87380556	1470
19761205	-67.60269444	62.87380556	1460
19761208	-67.60269444	62.87380556	1450
19761210	-67.60269444	62.87380556	1430
19770118	-67.60269444	62.87380556	960
19770119	-67.60269444	62.87380556	1
19770318	-67.60269444	62.87380556	1
19770319	-67.60269444	62.87380556	50
19770322	-67.60269444	62.87380556	150
19770323	-67.60269444	62.87380556	180
19770324	-67.60269444	62.87380556	195
19770325	-67.60269444	62.87380556	215
19770327	-67.60269444	62.87380556	255
19770328	-67.60269444	62.87380556	275
19770329	-67.60269444	62.87380556	280
19770330	-67.60269444	62.87380556	290
19770331	-67.60269444	62.87380556	300
19770401	-67.60269444	62.87380556	325
19770415	-67.60269444	62.87380556	520
19770422	-67.60269444	62.87380556	580
19770423	-67.60269444	62.87380556	600
19770504	-67.60269444	62.87380556	750
19770506	-67.60269444	62.87380556	760
19770527	-67.60269444	62.87380556	900
19770628	-67.60269444	62.87380556	1130
19770629	-67.60269444	62.87380556	1130
19770704	-67.60269444	62.87380556	1150
19770705	-67.60269444	62.87380556	1150
19770718	-67.60269444	62.87380556	1240
19770817	-67.60269444	62.87380556	1325
19770916	-67.60269444	62.87380556	1500
19770930	-67.60269444	62.87380556	1510
19771008	-67.60269444	62.87380556	1480
19771014	-67.60269444	62.87380556	1470
19771022	-67.60269444	62.87380556	1510
19771112	-67.60269444	62.87380556	1450
19771223	-67.60269444	62.87380556	1370
19771224	-67.60269444	62.87380556	1370
19780116	-67.60269444	62.87380556	1
19790322	-68.57661111	77.96738889	1
19790322	-67.60269444	62.87380556	1
19790323	-67.60269444	62.87380556	30
19790324	-68.57661111	77.96738889	165
19790327	-67.60269444	62.87380556	115
19790329	-67.60269444	62.87380556	1
19790331	-68.57661111	77.96738889	260
19790401	-67.60269444	62.87380556	1
19790406	-66.28180556	110.5276111	1
19790408	-68.57661111	77.96738889	380
19790410	-66.28180556	110.5276111	100
19790411	-67.60269444	62.87380556	295
19790414	-66.28180556	110.5276111	1
19790415	-68.57661111	77.96738889	470
19790419	-67.60269444	62.87380556	415
19790422	-68.57661111	77.96738889	540
19790429	-68.57661111	77.96738889	500
19790506	-68.57661111	77.96738889	530
19790513	-68.57661111	77.96738889	580
19790520	-68.57661111	77.96738889	620
19790527	-68.57661111	77.96738889	770
19790601	-66.28180556	110.5276111	1
19790603	-68.57661111	77.96738889	810
19790605	-66.28180556	110.5276111	100
19790610	-68.57661111	77.96738889	850
19790616	-66.28180556	110.5276111	1
19790617	-68.57661111	77.96738889	890
19790624	-68.57661111	77.96738889	970
19790630	-68.57661111	77.96738889	1080
19790704	-66.28180556	110.5276111	1
19790708	-68.57661111	77.96738889	1100
19790715	-68.57661111	77.96738889	1160
19790721	-66.28180556	110.5276111	1
19790722	-68.57661111	77.96738889	1260
19790723	-67.60269444	62.87380556	1285
19790724	-66.28180556	110.5276111	1
19790726	-66.28180556	110.5276111	1
19790726	-67.60269444	62.87380556	1345
19790729	-66.28180556	110.5276111	1
19790729	-68.57661111	77.96738889	1340
19790805	-68.57661111	77.96738889	1340
19790807	-66.28180556	110.5276111	1
19790812	-68.57661111	77.96738889	1340
19790814	-67.60269444	62.87380556	1485
19790819	-68.57661111	77.96738889	1460
19790826	-68.57661111	77.96738889	1480
19790902	-68.57661111	77.96738889	1530
19790903	-67.60269444	62.87380556	1595
19790909	-66.28180556	110.5276111	1
19790909	-68.57661111	77.96738889	1510
19790911	-66.28180556	110.5276111	150
19790915	-67.60269444	62.87380556	1655
19790916	-68.57661111	77.96738889	1510
19790919	-66.28180556	110.5276111	240
19790923	-68.57661111	77.96738889	1510
19790926	-66.28180556	110.5276111	360
19790930	-68.57661111	77.96738889	1510
19791001	-67.60269444	62.87380556	1695
19791006	-66.28180556	110.5276111	420
19791007	-68.57661111	77.96738889	1490
19791014	-66.28180556	110.5276111	1
19791014	-68.57661111	77.96738889	1530
19791015	-67.60269444	62.87380556	1705
19791021	-68.57661111	77.96738889	1560
19791022	-67.60269444	62.87380556	1705
19791028	-68.57661111	77.96738889	1540
19791028	-67.60269444	62.87380556	1695
19791106	-68.57661111	77.96738889	1640
19791108	-67.60269444	62.87380556	1675
19791111	-68.57661111	77.96738889	1640
19791113	-67.60269444	62.87380556	1670
19791121	-68.57661111	77.96738889	1660
19791121	-67.60269444	62.87380556	1665
19791128	-68.57661111	77.96738889	1630
19791201	-67.60269444	62.87380556	1650
19791205	-68.57661111	77.96738889	1500
19791212	-68.57661111	77.96738889	1480
19791220	-68.57661111	77.96738889	1140
19791224	-68.57661111	77.96738889	1
19800315	-68.57661111	77.96738889	1
19800324	-67.60269444	62.87380556	1
19800331	-67.60269444	62.87380556	213
19800401	-68.57661111	77.96738889	200
19800406	-67.60269444	62.87380556	400
19800407	-68.57661111	77.96738889	250
19800407	-67.60269444	62.87380556	1
19800413	-68.57661111	77.96738889	300
19800419	-68.57661111	77.96738889	350
19800423	-67.60269444	62.87380556	1
19800424	-67.60269444	62.87380556	50
19800425	-68.57661111	77.96738889	340
19800430	-67.60269444	62.87380556	490
19800502	-67.60269444	62.87380556	547
19800503	-68.57661111	77.96738889	550
19800510	-68.57661111	77.96738889	680
19800517	-68.57661111	77.96738889	680
19800517	-67.60269444	62.87380556	759
19800524	-68.57661111	77.96738889	810
19800531	-68.57661111	77.96738889	1000
19800607	-66.28180556	110.5276111	370
19800607	-68.57661111	77.96738889	1050
19800613	-66.28180556	110.5276111	435
19800614	-68.57661111	77.96738889	1100
19800617	-67.60269444	62.87380556	1075
19800620	-66.28180556	110.5276111	485
19800621	-68.57661111	77.96738889	1160
19800628	-68.57661111	77.96738889	1170
19800630	-66.28180556	110.5276111	535
19800705	-66.28180556	110.5276111	575
19800705	-68.57661111	77.96738889	1220
19800712	-68.57661111	77.96738889	1240
19800715	-66.28180556	110.5276111	750
19800718	-66.28180556	110.5276111	814
19800719	-68.57661111	77.96738889	1260
19800725	-67.60269444	62.87380556	1275
19800726	-68.57661111	77.96738889	1280
19800802	-68.57661111	77.96738889	1310
19800805	-66.28180556	110.5276111	935
19800814	-66.28180556	110.5276111	1045
19800816	-68.57661111	77.96738889	1450
19800823	-68.57661111	77.96738889	1500
19800827	-66.28180556	110.5276111	1135
19800828	-67.60269444	62.87380556	1505
19800830	-68.57661111	77.96738889	1520
19800904	-66.28180556	110.5276111	1170
19800906	-68.57661111	77.96738889	1580
19800913	-66.28180556	110.5276111	1210
19800913	-68.57661111	77.96738889	1590
19800920	-68.57661111	77.96738889	1630
19800925	-66.28180556	110.5276111	1320
19800927	-68.57661111	77.96738889	1670
19800929	-67.60269444	62.87380556	1600
19800930	-66.28180556	110.5276111	1370
19801004	-68.57661111	77.96738889	1710
19801008	-66.28180556	110.5276111	1384
19801009	-67.60269444	62.87380556	1700
19801011	-68.57661111	77.96738889	1740
19801014	-66.28180556	110.5276111	1416
19801018	-68.57661111	77.96738889	1785
19801023	-66.28180556	110.5276111	1451
19801025	-68.57661111	77.96738889	1770
19801028	-66.28180556	110.5276111	1464
19801101	-68.57661111	77.96738889	1770
19801103	-67.60269444	62.87380556	1798
19801108	-68.57661111	77.96738889	1770
19801109	-67.60269444	62.87380556	1795
19801115	-68.57661111	77.96738889	1770
19801117	-67.60269444	62.87380556	1765
19801122	-68.57661111	77.96738889	1750
19801128	-67.60269444	62.87380556	1735
19801129	-68.57661111	77.96738889	1730
19801202	-67.60269444	62.87380556	1735
19801210	-67.60269444	62.87380556	1695
19801215	-67.60269444	62.87380556	1675
19810107	-67.60269444	62.87380556	1160
19810113	-67.60269444	62.87380556	1020
19810120	-67.60269444	62.87380556	888
19810127	-67.60269444	62.87380556	650
19810128	-67.60269444	62.87380556	1
19810314	-68.57661111	77.96738889	1
19810321	-68.57661111	77.96738889	140
19810331	-68.57661111	77.96738889	305
19810409	-68.57661111	77.96738889	500
19810413	-68.57661111	77.96738889	500
19810420	-68.57661111	77.96738889	560
19810427	-68.57661111	77.96738889	605
19810429	-67.60269444	62.87380556	600
19810504	-68.57661111	77.96738889	605
19810506	-67.60269444	62.87380556	730
19810511	-68.57661111	77.96738889	655
19810515	-67.60269444	62.87380556	770
19810518	-68.57661111	77.96738889	690
19810520	-67.60269444	62.87380556	840
19810525	-68.57661111	77.96738889	710
19810529	-67.60269444	62.87380556	900
19810601	-68.57661111	77.96738889	780
19810603	-67.60269444	62.87380556	920
19810607	-68.57661111	77.96738889	815
19810610	-67.60269444	62.87380556	990
19810616	-68.57661111	77.96738889	860
19810618	-67.60269444	62.87380556	1030
19810623	-68.57661111	77.96738889	830
19810630	-68.57661111	77.96738889	990
19810706	-68.57661111	77.96738889	1060
19810708	-67.60269444	62.87380556	1030
19810713	-68.57661111	77.96738889	1095
19810715	-67.60269444	62.87380556	1205
19810720	-68.57661111	77.96738889	1070
19810727	-68.57661111	77.96738889	1140
19810731	-67.60269444	62.87380556	1290
19810803	-68.57661111	77.96738889	1235
19810805	-67.60269444	62.87380556	1300
19810810	-68.57661111	77.96738889	1235
19810812	-67.60269444	62.87380556	1340
19810817	-68.57661111	77.96738889	1305
19810824	-68.57661111	77.96738889	1335
19810826	-67.60269444	62.87380556	1385
19810831	-68.57661111	77.96738889	1340
19810904	-67.60269444	62.87380556	1410
19810907	-68.57661111	77.96738889	1380
19810914	-68.57661111	77.96738889	1395
19810921	-68.57661111	77.96738889	1355
19810922	-67.60269444	62.87380556	1475
19810928	-68.57661111	77.96738889	1435
19810930	-67.60269444	62.87380556	1510
19811005	-68.57661111	77.96738889	1380
19811007	-67.60269444	62.87380556	1564
19811012	-68.57661111	77.96738889	1390
19811014	-67.60269444	62.87380556	1552
19811019	-68.57661111	77.96738889	1515
19811021	-67.60269444	62.87380556	1570
19811026	-68.57661111	77.96738889	1590
19811028	-67.60269444	62.87380556	1530
19811104	-68.57661111	77.96738889	1600
19811105	-67.60269444	62.87380556	1512
19811109	-68.57661111	77.96738889	1590
19811111	-67.60269444	62.87380556	1502
19811116	-68.57661111	77.96738889	1630
19811123	-68.57661111	77.96738889	1595
19811127	-67.60269444	62.87380556	1462
19811130	-68.57661111	77.96738889	1565
19811202	-67.60269444	62.87380556	1480
19811207	-68.57661111	77.96738889	1500
19811209	-67.60269444	62.87380556	1490
19811214	-68.57661111	77.96738889	1445
19811215	-68.57661111	77.96738889	1
19811231	-67.60269444	62.87380556	1322
19820308	-68.57661111	77.96738889	1
19820310	-68.57661111	77.96738889	1
19820311	-66.28180556	110.5276111	1
19820311	-68.57661111	77.96738889	125
19820313	-68.57661111	77.96738889	100
19820315	-68.57661111	77.96738889	1
19820323	-68.57661111	77.96738889	1
19820323	-67.60269444	62.87380556	1
19820325	-68.57661111	77.96738889	1
19820327	-68.57661111	77.96738889	1
19820328	-68.57661111	77.96738889	350
19820329	-66.28180556	110.5276111	1
19820330	-66.28180556	110.5276111	1
19820331	-68.57661111	77.96738889	310
19820404	-68.57661111	77.96738889	390
19820407	-67.60269444	62.87380556	360
19820411	-68.57661111	77.96738889	510
19820417	-66.28180556	110.5276111	1
19820418	-66.28180556	110.5276111	1
19820418	-68.57661111	77.96738889	525
19820423	-66.28180556	110.5276111	155
19820423	-68.57661111	77.96738889	490
19820428	-67.60269444	62.87380556	600
19820430	-68.57661111	77.96738889	700
19820502	-68.57661111	77.96738889	620
19820506	-66.28180556	110.5276111	240
19820509	-67.60269444	62.87380556	730
19820510	-68.57661111	77.96738889	780
19820516	-67.60269444	62.87380556	790
19820523	-68.57661111	77.96738889	1080
19820523	-67.60269444	62.87380556	860
19820529	-66.28180556	110.5276111	560
19820531	-68.57661111	77.96738889	800
19820606	-68.57661111	77.96738889	920
19820607	-66.28180556	110.5276111	600
19820613	-68.57661111	77.96738889	925
19820620	-66.28180556	110.5276111	650
19820627	-68.57661111	77.96738889	1100
19820704	-68.57661111	77.96738889	1120
19820709	-66.28180556	110.5276111	630
19820711	-68.57661111	77.96738889	1165
19820718	-68.57661111	77.96738889	1220
19820719	-67.60269444	62.87380556	1310
19820720	-66.28180556	110.5276111	735
19820724	-68.57661111	77.96738889	1230
19820725	-67.60269444	62.87380556	1340
19820801	-68.57661111	77.96738889	1300
19820802	-67.60269444	62.87380556	1390
19820806	-66.28180556	110.5276111	995
19820808	-68.57661111	77.96738889	1300
19820808	-67.60269444	62.87380556	1420
19820813	-66.28180556	110.5276111	1000
19820815	-68.57661111	77.96738889	1380
19820815	-67.60269444	62.87380556	1480
19820821	-66.28180556	110.5276111	1045
19820822	-67.60269444	62.87380556	1530
19820823	-68.57661111	77.96738889	1380
19820831	-68.57661111	77.96738889	1420
19820905	-68.57661111	77.96738889	1450
19820905	-67.60269444	62.87380556	1660
19820911	-66.28180556	110.5276111	1130
19820912	-68.57661111	77.96738889	1540
19820912	-67.60269444	62.87380556	1730
19820919	-68.57661111	77.96738889	1635
19820919	-67.60269444	62.87380556	1780
19820921	-66.28180556	110.5276111	1190
19820925	-66.28180556	110.5276111	1250
19820926	-67.60269444	62.87380556	1830
19820928	-68.57661111	77.96738889	1620
19821005	-68.57661111	77.96738889	1665
19821005	-67.60269444	62.87380556	1860
19821007	-66.28180556	110.5276111	1345
19821008	-68.57661111	77.96738889	1690
19821010	-67.60269444	62.87380556	1870
19821017	-68.57661111	77.96738889	1630
19821017	-67.60269444	62.87380556	1880
19821024	-68.57661111	77.96738889	1690
19821025	-67.60269444	62.87380556	1870
19821030	-67.60269444	62.87380556	1860
19821031	-68.57661111	77.96738889	1730
19821106	-66.28180556	110.5276111	1380
19821107	-68.57661111	77.96738889	1770
19821107	-67.60269444	62.87380556	1860
19821112	-66.28180556	110.5276111	1380
19821113	-67.60269444	62.87380556	1855
19821114	-68.57661111	77.96738889	1805
19821121	-68.57661111	77.96738889	1730
19821123	-67.60269444	62.87380556	1840
19821124	-66.28180556	110.5276111	1370
19821127	-67.60269444	62.87380556	1820
19821130	-68.57661111	77.96738889	1770
19821205	-67.60269444	62.87380556	1800
19821208	-66.28180556	110.5276111	1195
19821209	-68.57661111	77.96738889	1795
19821212	-67.60269444	62.87380556	1780
19821217	-68.57661111	77.96738889	1760
19821219	-67.60269444	62.87380556	1710
19821227	-66.28180556	110.5276111	1
19821229	-67.60269444	62.87380556	1590
19821231	-68.57661111	77.96738889	1
19830116	-67.60269444	62.87380556	1320
19830123	-67.60269444	62.87380556	1250
19830310	-68.57661111	77.96738889	1
19830313	-68.57661111	77.96738889	100
19830315	-68.57661111	77.96738889	1
19830316	-66.28180556	110.5276111	1
19830323	-68.57661111	77.96738889	1
19830324	-66.28180556	110.5276111	1
19830325	-68.57661111	77.96738889	1
19830327	-68.57661111	77.96738889	1
19830331	-68.57661111	77.96738889	310
19830404	-66.28180556	110.5276111	1
19830414	-66.28180556	110.5276111	1
19830421	-66.28180556	110.5276111	1
19830423	-68.57661111	77.96738889	490
19830502	-68.57661111	77.96738889	620
19830504	-66.28180556	110.5276111	200
19830509	-68.57661111	77.96738889	650
19830516	-68.57661111	77.96738889	700
19830519	-66.28180556	110.5276111	1
19830520	-66.28180556	110.5276111	1
19830524	-68.57661111	77.96738889	770
19830527	-66.28180556	110.5276111	1
19830602	-66.28180556	110.5276111	1
19830602	-68.57661111	77.96738889	850
19830618	-66.28180556	110.5276111	1
19830623	-66.28180556	110.5276111	1
19830623	-68.57661111	77.96738889	1080
19830625	-66.28180556	110.5276111	1
19830702	-68.57661111	77.96738889	1070
19830709	-66.28180556	110.5276111	1
19830711	-68.57661111	77.96738889	1100
19830718	-68.57661111	77.96738889	1150
19830727	-68.57661111	77.96738889	1210
19830802	-68.57661111	77.96738889	1290
19830803	-66.28180556	110.5276111	600
19830811	-66.28180556	110.5276111	730
19830818	-66.28180556	110.5276111	760
19830819	-68.57661111	77.96738889	1440
19830826	-66.28180556	110.5276111	840
19830829	-68.57661111	77.96738889	1410
19830903	-66.28180556	110.5276111	900
19830905	-68.57661111	77.96738889	1410
19830916	-66.28180556	110.5276111	1
19830916	-68.57661111	77.96738889	1530
19830918	-66.28180556	110.5276111	1
19830923	-68.57661111	77.96738889	1550
19830929	-68.57661111	77.96738889	1570
19831003	-66.28180556	110.5276111	300
19831009	-66.28180556	110.5276111	350
19831015	-66.28180556	110.5276111	450
19831018	-68.57661111	77.96738889	1630
19831022	-66.28180556	110.5276111	460
19831028	-68.57661111	77.96738889	1700
19831029	-66.28180556	110.5276111	480
19831103	-68.57661111	77.96738889	1720
19831105	-66.28180556	110.5276111	520
19831111	-68.57661111	77.96738889	1760
19831112	-66.28180556	110.5276111	550
19831118	-68.57661111	77.96738889	1780
19831120	-66.28180556	110.5276111	530
19831126	-68.57661111	77.96738889	1760
19831204	-66.28180556	110.5276111	1
19831211	-68.57661111	77.96738889	1720
19831218	-68.57661111	77.96738889	1700
19840112	-67.60269444	62.87380556	1040
19840118	-67.60269444	62.87380556	900
19840119	-67.60269444	62.87380556	1
19840325	-68.57661111	77.96738889	1
19840325	-67.60269444	62.87380556	1
19840329	-67.60269444	62.87380556	240
19840330	-67.60269444	62.87380556	1
19840331	-67.60269444	62.87380556	1
19840402	-68.57661111	77.96738889	210
19840403	-67.60269444	62.87380556	240
19840411	-68.57661111	77.96738889	290
19840415	-67.60269444	62.87380556	445
19840418	-68.57661111	77.96738889	410
19840426	-68.57661111	77.96738889	460
19840427	-67.60269444	62.87380556	640
19840430	-66.28180556	110.5276111	405
19840430	-68.57661111	77.96738889	0.405
19840504	-67.60269444	62.87380556	690
19840505	-68.57661111	77.96738889	510
19840507	-66.28180556	110.5276111	480
19840507	-68.57661111	77.96738889	0.48
19840513	-68.57661111	77.96738889	620
19840514	-66.28180556	110.5276111	500
19840514	-67.60269444	62.87380556	790
19840517	-66.28180556	110.5276111	1
19840521	-68.57661111	77.96738889	720
19840521	-67.60269444	62.87380556	820
19840526	-66.28180556	110.5276111	1
19840530	-68.57661111	77.96738889	810
19840602	-66.28180556	110.5276111	120
19840605	-67.60269444	62.87380556	955
19840609	-68.57661111	77.96738889	840
19840611	-66.28180556	110.5276111	330
19840615	-68.57661111	77.96738889	960
19840615	-67.60269444	62.87380556	1015
19840618	-66.28180556	110.5276111	450
19840623	-68.57661111	77.96738889	1030
19840625	-66.28180556	110.5276111	550
19840628	-68.57661111	77.96738889	1050
19840706	-68.57661111	77.96738889	1080
19840708	-66.28180556	110.5276111	1
19840712	-67.60269444	62.87380556	1250
19840714	-68.57661111	77.96738889	1130
19840720	-66.28180556	110.5276111	1
19840720	-68.57661111	77.96738889	1180
19840723	-66.28180556	110.5276111	215
19840727	-68.57661111	77.96738889	1180
19840730	-66.28180556	110.5276111	370
19840803	-67.60269444	62.87380556	1400
19840804	-68.57661111	77.96738889	1210
19840805	-66.28180556	110.5276111	460
19840811	-68.57661111	77.96738889	1220
19840813	-66.28180556	110.5276111	465
19840820	-66.28180556	110.5276111	1
19840821	-66.28180556	110.5276111	1
19840825	-66.28180556	110.5276111	1
19840826	-66.28180556	110.5276111	1
19840827	-66.28180556	110.5276111	1
19840901	-66.28180556	110.5276111	1
19840904	-66.28180556	110.5276111	1
19840904	-68.57661111	77.96738889	1255
19840906	-67.60269444	62.87380556	1530
19840908	-66.28180556	110.5276111	1
19840910	-66.28180556	110.5276111	100
19840911	-68.57661111	77.96738889	1300
19840916	-66.28180556	110.5276111	291
19840919	-68.57661111	77.96738889	1330
19840923	-66.28180556	110.5276111	420
19841007	-66.28180556	110.5276111	540
19841010	-68.57661111	77.96738889	1510
19841016	-66.28180556	110.5276111	600
19841018	-68.57661111	77.96738889	1510
19841023	-66.28180556	110.5276111	660
19841023	-68.57661111	77.96738889	1560
19841023	-67.60269444	62.87380556	1580
19841030	-66.28180556	110.5276111	695
19841030	-68.57661111	77.96738889	1600
19841106	-66.28180556	110.5276111	730
19841106	-68.57661111	77.96738889	1620
19841113	-66.28180556	110.5276111	695
19841114	-68.57661111	77.96738889	1580
19841116	-66.28180556	110.5276111	1
19841118	-68.57661111	77.96738889	1610
19841122	-67.60269444	62.87380556	1500
19841129	-68.57661111	77.96738889	1620
19841209	-67.60269444	62.87380556	1480
19841214	-68.57661111	77.96738889	1580
19841220	-68.57661111	77.96738889	1550
19841224	-67.60269444	62.87380556	1360
19850103	-68.57661111	77.96738889	1630
19850104	-68.57661111	77.96738889	1630
19850110	-68.57661111	77.96738889	1630
19850112	-68.57661111	77.96738889	1
19850121	-68.57661111	77.96738889	1
19850321	-68.57661111	77.96738889	1
19850322	-67.60269444	62.87380556	1
19850324	-68.57661111	77.96738889	130
19850326	-67.60269444	62.87380556	140
19850404	-67.60269444	62.87380556	290
19850407	-68.57661111	77.96738889	280
19850415	-68.57661111	77.96738889	410
19850415	-67.60269444	62.87380556	430
19850420	-66.28180556	110.5276111	1
19850421	-66.28180556	110.5276111	1
19850421	-68.57661111	77.96738889	450
19850421	-67.60269444	62.87380556	500
19850422	-66.28180556	110.5276111	1
19850424	-66.28180556	110.5276111	1
19850429	-68.57661111	77.96738889	480
19850429	-67.60269444	62.87380556	500
19850502	-66.28180556	110.5276111	1
19850506	-67.60269444	62.87380556	570
19850507	-68.57661111	77.96738889	480
19850514	-68.57661111	77.96738889	570
19850521	-68.57661111	77.96738889	600
19850523	-67.60269444	62.87380556	735
19850528	-68.57661111	77.96738889	640
19850604	-67.60269444	62.87380556	800
19850606	-68.57661111	77.96738889	640
19850612	-67.60269444	62.87380556	850
19850613	-68.57661111	77.96738889	690
19850619	-68.57661111	77.96738889	740
19850620	-67.60269444	62.87380556	970
19850626	-68.57661111	77.96738889	780
19850627	-67.60269444	62.87380556	985
19850630	-66.28180556	110.5276111	1400
19850704	-68.57661111	77.96738889	840
19850708	-66.28180556	110.5276111	1500
19850709	-67.60269444	62.87380556	1045
19850710	-68.57661111	77.96738889	910
19850717	-66.28180556	110.5276111	1530
19850717	-68.57661111	77.96738889	950
19850719	-67.60269444	62.87380556	1140
19850724	-66.28180556	110.5276111	1550
19850725	-68.57661111	77.96738889	1000
19850730	-66.28180556	110.5276111	1570
19850802	-68.57661111	77.96738889	1100
19850806	-66.28180556	110.5276111	1610
19850808	-68.57661111	77.96738889	1140
19850814	-68.57661111	77.96738889	1170
19850816	-66.28180556	110.5276111	1750
19850821	-68.57661111	77.96738889	1220
19850825	-66.28180556	110.5276111	1
19850829	-68.57661111	77.96738889	1330
19850830	-66.28180556	110.5276111	1
19850902	-67.60269444	62.87380556	1505
19850904	-68.57661111	77.96738889	1400
19850911	-68.57661111	77.96738889	1430
19850914	-66.28180556	110.5276111	950
19850918	-68.57661111	77.96738889	1450
19850925	-68.57661111	77.96738889	1480
19851003	-68.57661111	77.96738889	1510
19851007	-66.28180556	110.5276111	1480
19851009	-68.57661111	77.96738889	1540
19851016	-68.57661111	77.96738889	1580
19851020	-66.28180556	110.5276111	1740
19851023	-68.57661111	77.96738889	1630
19851025	-67.60269444	62.87380556	1680
19851028	-66.28180556	110.5276111	1690
19851107	-68.57661111	77.96738889	1700
19851108	-67.60269444	62.87380556	1695
19851114	-66.28180556	110.5276111	1540
19851114	-68.57661111	77.96738889	1700
19851121	-66.28180556	110.5276111	1
19851122	-68.57661111	77.96738889	1700
19851128	-68.57661111	77.96738889	1700
19851210	-68.57661111	77.96738889	1650
19851218	-67.60269444	62.87380556	1575
19851220	-68.57661111	77.96738889	1640
19851224	-67.60269444	62.87380556	1580
19851227	-68.57661111	77.96738889	1645
19860106	-67.60269444	62.87380556	1535
19860122	-67.60269444	62.87380556	1125
19860315	-66.28180556	110.5276111	1
19860318	-66.28180556	110.5276111	60
19860322	-67.60269444	62.87380556	1
19860326	-67.60269444	62.87380556	200
19860327	-66.28180556	110.5276111	1
19860327	-67.60269444	62.87380556	1
19860331	-66.28180556	110.5276111	1
19860404	-67.60269444	62.87380556	1
19860410	-66.28180556	110.5276111	152
19860416	-66.28180556	110.5276111	241
19860418	-67.60269444	62.87380556	400
19860423	-66.28180556	110.5276111	355
19860423	-67.60269444	62.87380556	520
19860430	-66.28180556	110.5276111	432
19860430	-67.60269444	62.87380556	620
19860502	-66.28180556	110.5276111	1
19860506	-66.28180556	110.5276111	1
19860507	-67.60269444	62.87380556	725
19860508	-66.28180556	110.5276111	241
19860511	-66.28180556	110.5276111	1
19860513	-66.28180556	110.5276111	1
19860514	-67.60269444	62.87380556	780
19860516	-66.28180556	110.5276111	203
19860521	-67.60269444	62.87380556	850
19860523	-66.28180556	110.5276111	242
19860528	-67.60269444	62.87380556	910
19860530	-66.28180556	110.5276111	280
19860604	-67.60269444	62.87380556	965
19860607	-66.28180556	110.5276111	432
19860613	-66.28180556	110.5276111	483
19860619	-67.60269444	62.87380556	1130
19860620	-66.28180556	110.5276111	533
19860626	-67.60269444	62.87380556	1185
19860628	-66.28180556	110.5276111	559
19860702	-67.60269444	62.87380556	1255
19860704	-66.28180556	110.5276111	635
19860710	-67.60269444	62.87380556	1330
19860717	-67.60269444	62.87380556	1395
19860718	-66.28180556	110.5276111	864
19860724	-66.28180556	110.5276111	1029
19860724	-67.60269444	62.87380556	1450
19860730	-66.28180556	110.5276111	1092
19860730	-67.60269444	62.87380556	1490
19860806	-67.60269444	62.87380556	1540
19860807	-66.28180556	110.5276111	1168
19860813	-67.60269444	62.87380556	1625
19860815	-66.28180556	110.5276111	1181
19860820	-66.28180556	110.5276111	1193
19860820	-67.60269444	62.87380556	1705
19860905	-67.60269444	62.87380556	1780
19860908	-66.28180556	110.5276111	1295
19860917	-67.60269444	62.87380556	1815
19860924	-66.28180556	110.5276111	1
19860925	-66.28180556	110.5276111	1
19860926	-67.60269444	62.87380556	1835
19861001	-67.60269444	62.87380556	1850
19861006	-66.28180556	110.5276111	1
19861007	-66.28180556	110.5276111	1
19861007	-67.60269444	62.87380556	1855
19861013	-66.28180556	110.5276111	1
19861017	-67.60269444	62.87380556	1900
19861022	-67.60269444	62.87380556	1905
19861027	-66.28180556	110.5276111	1
19861030	-67.60269444	62.87380556	1890
19861107	-67.60269444	62.87380556	1880
19861108	-66.28180556	110.5276111	1
19861113	-67.60269444	62.87380556	1865
19861119	-67.60269444	62.87380556	1850
19861126	-67.60269444	62.87380556	1835
19861203	-67.60269444	62.87380556	1805
19861211	-67.60269444	62.87380556	1790
19861218	-67.60269444	62.87380556	1750
19861226	-67.60269444	62.87380556	1730
19870101	-67.60269444	62.87380556	1680
19870108	-67.60269444	62.87380556	1650
19870204	-67.60269444	62.87380556	1000
19870205	-67.60269444	62.87380556	1
19870407	-66.28180556	110.5276111	1
19870408	-67.60269444	62.87380556	1
19870417	-66.28180556	110.5276111	255
19870424	-66.28180556	110.5276111	315
19870425	-66.28180556	110.5276111	1
19870429	-67.60269444	62.87380556	430
19870430	-66.28180556	110.5276111	1
19870507	-66.28180556	110.5276111	215
19870518	-66.28180556	110.5276111	330
19870518	-67.60269444	62.87380556	680
19870527	-66.28180556	110.5276111	430
19870529	-67.60269444	62.87380556	840
19870605	-66.28180556	110.5276111	540
19870616	-66.28180556	110.5276111	650
19870616	-67.60269444	62.87380556	1050
19870626	-66.28180556	110.5276111	1
19870628	-67.60269444	62.87380556	1100
19870705	-66.28180556	110.5276111	1
19870707	-67.60269444	62.87380556	1150
19870709	-66.28180556	110.5276111	180
19870717	-66.28180556	110.5276111	280
19870719	-67.60269444	62.87380556	1220
19870729	-66.28180556	110.5276111	355
19870730	-67.60269444	62.87380556	1290
19870805	-66.28180556	110.5276111	455
19870808	-67.60269444	62.87380556	1350
19870812	-66.28180556	110.5276111	560
19870820	-66.28180556	110.5276111	660
19870823	-67.60269444	62.87380556	1480
19870827	-66.28180556	110.5276111	725
19870827	-67.60269444	62.87380556	1510
19870903	-66.28180556	110.5276111	780
19870909	-67.60269444	62.87380556	1730
19870911	-66.28180556	110.5276111	825
19870921	-66.28180556	110.5276111	940
19870922	-67.60269444	62.87380556	1660
19870929	-66.28180556	110.5276111	965
19870930	-67.60269444	62.87380556	1700
19871005	-66.28180556	110.5276111	990
19871009	-67.60269444	62.87380556	1730
19871015	-66.28180556	110.5276111	1015
19871021	-67.60269444	62.87380556	1720
19871022	-66.28180556	110.5276111	1030
19871026	-67.60269444	62.87380556	1730
19871030	-66.28180556	110.5276111	1040
19871031	-67.60269444	62.87380556	1760
19871106	-66.28180556	110.5276111	1080
19871111	-66.28180556	110.5276111	1
19880107	-67.60269444	62.87380556	1510
19880202	-67.60269444	62.87380556	1120
19880226	-67.60269444	62.87380556	900
19880227	-67.60269444	62.87380556	1
19880401	-67.60269444	62.87380556	1
19880406	-66.28180556	110.5276111	1
19880410	-66.28180556	110.5276111	270
19880416	-67.60269444	62.87380556	460
19880418	-66.28180556	110.5276111	330
19880421	-66.28180556	110.5276111	1
19880424	-66.28180556	110.5276111	1
19880427	-67.60269444	62.87380556	595
19880509	-66.28180556	110.5276111	1
19880511	-67.60269444	62.87380556	850
19880513	-66.28180556	110.5276111	1
19880516	-66.28180556	110.5276111	178
19880520	-66.28180556	110.5276111	1
19880526	-66.28180556	110.5276111	1
19880529	-66.28180556	110.5276111	150
19880606	-66.28180556	110.5276111	330
19880615	-67.60269444	62.87380556	1088
19880619	-66.28180556	110.5276111	410
19880624	-67.60269444	62.87380556	1170
19880630	-66.28180556	110.5276111	590
19880710	-66.28180556	110.5276111	650
19880712	-67.60269444	62.87380556	1260
19880718	-66.28180556	110.5276111	690
19880723	-66.28180556	110.5276111	730
19880728	-67.60269444	62.87380556	1360
19880731	-66.28180556	110.5276111	850
19880805	-66.28180556	110.5276111	890
19880811	-66.28180556	110.5276111	970
19880819	-67.60269444	62.87380556	1535
19880830	-67.60269444	62.87380556	1590
19880831	-66.28180556	110.5276111	1050
19880907	-66.28180556	110.5276111	1100
19880915	-67.60269444	62.87380556	1670
19880921	-67.60269444	62.87380556	1720
19880923	-66.28180556	110.5276111	1190
19881005	-66.28180556	110.5276111	1115
19881007	-67.60269444	62.87380556	1750
19881011	-66.28180556	110.5276111	1
19881220	-67.60269444	62.87380556	1550
19890317	-67.60269444	62.87380556	1
19890318	-66.28180556	110.5276111	1
19890324	-66.28180556	110.5276111	1
19890327	-67.60269444	62.87380556	300
19890328	-67.60269444	62.87380556	1
19890403	-66.28180556	110.5276111	1
19890404	-67.60269444	62.87380556	1
19890416	-66.28180556	110.5276111	210
19890419	-67.60269444	62.87380556	410
19890426	-66.28180556	110.5276111	390
19890430	-66.28180556	110.5276111	445
19890508	-66.28180556	110.5276111	1
19890514	-66.28180556	110.5276111	1
19890518	-66.28180556	110.5276111	180
19890520	-67.60269444	62.87380556	830
19890524	-66.28180556	110.5276111	310
19890529	-66.28180556	110.5276111	380
19890618	-66.28180556	110.5276111	560
19890622	-66.28180556	110.5276111	610
19890629	-66.28180556	110.5276111	630
19890704	-67.60269444	62.87380556	1150
19890708	-66.28180556	110.5276111	700
19890718	-66.28180556	110.5276111	880
19890809	-66.28180556	110.5276111	980
19890820	-66.28180556	110.5276111	1000
19890829	-67.60269444	62.87380556	1450
19890831	-66.28180556	110.5276111	1010
19890930	-67.60269444	62.87380556	1540
19891121	-67.60269444	62.87380556	1510
19891220	-67.60269444	62.87380556	1100
19900324	-66.28180556	110.5276111	1
19900328	-66.28180556	110.5276111	180
19900402	-66.28180556	110.5276111	1
19900421	-66.28180556	110.5276111	1
19900424	-66.28180556	110.5276111	180
19900425	-66.28180556	110.5276111	1
19900503	-66.28180556	110.5276111	1
19900505	-66.28180556	110.5276111	200
19900511	-66.28180556	110.5276111	280
19900518	-66.28180556	110.5276111	310
19900525	-66.28180556	110.5276111	350
19900601	-66.28180556	110.5276111	500
19900608	-66.28180556	110.5276111	510
19900615	-66.28180556	110.5276111	600
19900619	-66.28180556	110.5276111	1
19900622	-66.28180556	110.5276111	1
19900703	-66.28180556	110.5276111	390
19900713	-66.28180556	110.5276111	1
19900717	-66.28180556	110.5276111	1
19900718	-66.28180556	110.5276111	1
19900721	-66.28180556	110.5276111	1
19900726	-66.28180556	110.5276111	230
19900731	-66.28180556	110.5276111	330
19900807	-66.28180556	110.5276111	380
19900817	-66.28180556	110.5276111	450
19900828	-66.28180556	110.5276111	580
19900901	-66.28180556	110.5276111	610
19900906	-66.28180556	110.5276111	700
19900925	-66.28180556	110.5276111	780
19901009	-66.28180556	110.5276111	890
19901016	-66.28180556	110.5276111	880
19901022	-66.28180556	110.5276111	900
19901106	-66.28180556	110.5276111	980
19901115	-66.28180556	110.5276111	940
19901122	-66.28180556	110.5276111	1100
19901128	-66.28180556	110.5276111	980
19901205	-66.28180556	110.5276111	960
19901209	-66.28180556	110.5276111	1
19910318	-66.28180556	110.5276111	1
19910320	-66.28180556	110.5276111	1
19910324	-66.28180556	110.5276111	1
19910406	-66.28180556	110.5276111	1
19910408	-66.28180556	110.5276111	1
19910414	-66.28180556	110.5276111	1
19910416	-66.28180556	110.5276111	1
19910420	-66.28180556	110.5276111	170
19910425	-66.28180556	110.5276111	1
19910501	-66.28180556	110.5276111	1
19910505	-66.28180556	110.5276111	150
19910512	-66.28180556	110.5276111	225
19910519	-66.28180556	110.5276111	380
19910523	-66.28180556	110.5276111	1
19910524	-66.28180556	110.5276111	1
19910530	-66.28180556	110.5276111	280
19910602	-66.28180556	110.5276111	340
19910614	-66.28180556	110.5276111	440
19910623	-66.28180556	110.5276111	465
19910630	-66.28180556	110.5276111	1
19910701	-66.28180556	110.5276111	1
19910709	-66.28180556	110.5276111	250
19910718	-66.28180556	110.5276111	365
19910724	-66.28180556	110.5276111	420
19910728	-66.28180556	110.5276111	1
19910803	-66.28180556	110.5276111	1
19910809	-66.28180556	110.5276111	200
19910820	-66.28180556	110.5276111	400
19910827	-66.28180556	110.5276111	470
19910903	-66.28180556	110.5276111	540
19910910	-66.28180556	110.5276111	625
19910917	-66.28180556	110.5276111	670
19910924	-66.28180556	110.5276111	740
19911007	-66.28180556	110.5276111	780
19911008	-66.28180556	110.5276111	1
19911015	-66.28180556	110.5276111	1
19911022	-66.28180556	110.5276111	170
19911029	-66.28180556	110.5276111	210
19911107	-66.28180556	110.5276111	265
19911111	-66.28180556	110.5276111	1
19920316	-66.28180556	110.5276111	1
19920320	-66.28180556	110.5276111	1
19920327	-66.28180556	110.5276111	1
19920401	-66.28180556	110.5276111	140
19920407	-66.28180556	110.5276111	220
19920415	-66.28180556	110.5276111	320
19920422	-66.28180556	110.5276111	490
19920423	-66.28180556	110.5276111	1
19920430	-66.28180556	110.5276111	1
19920506	-66.28180556	110.5276111	200
19920513	-66.28180556	110.5276111	350
19920520	-66.28180556	110.5276111	400
19920527	-66.28180556	110.5276111	440
19920604	-66.28180556	110.5276111	540
19920610	-66.28180556	110.5276111	620
19920617	-66.28180556	110.5276111	700
19920702	-66.28180556	110.5276111	890
19920714	-66.28180556	110.5276111	1020
19920722	-66.28180556	110.5276111	1040
19920730	-66.28180556	110.5276111	1230
19920811	-66.28180556	110.5276111	1
19920815	-66.28180556	110.5276111	1
19920819	-66.28180556	110.5276111	300
19920904	-66.28180556	110.5276111	450
19920923	-66.28180556	110.5276111	610
19921007	-66.28180556	110.5276111	670
19921021	-66.28180556	110.5276111	800
20020115	-68.57661111	77.96738889	0