1	2008	1980	0.07	0.1	0.08	0.09	0.11	0.12	0.08	0.08	0.1	0.12	0.1	0.09	0.12	335	97	1	34.462223	-120.025833	24
2	2008	1981	0.07	0.11	0.08	0.11	0.09	0.11	0.08	0.08	0.11	0.09	0.08	0.1	0.11	350	95	1	34.462223	-120.025833	24
3	2008	1982	0.07	0.08	0.07	0.1	0.08	0.08	0.08	0.07	0.15	0.09	0.1	0.09	0.15	361	99	1	34.462223	-120.025833	24
4	2008	1983	0.06	0.1	0.06	0.08	0.08	0.1	0.13	0.1	0.13	0.14	0.1	0.07	0.14	359	98	1	34.462223	-120.025833	24
5	2008	1984	0.07	0.07	0.12	0.14	0.11	0.07	0.09	0.07	0.14	0.08	0.09	0.07	0.14	356	97	1	34.462223	-120.025833	24
6	2008	1985	0.09	0.09	0.07	0.09	0.07	0.09	0.09	0.09	0.12	0.13	0.12	0.09	0.13	360	99	1	34.462223	-120.025833	24
7	2008	1986	0.1	0.11	0.11	0.08	0.08	0.08	0.07	0.09	0.06	0.09	0.09	0.07	0.11	352	96	1	34.462223	-120.025833	24
8	2008	1987	0.08	0.08	0.1	0.1	0.09	0.08	0.06	0.08	0.11	0.17	0.06	0.05	0.17	351	96	1	34.462223	-120.025833	24
9	2008	1988	0.08	0.09	0.08	0.11	0.08	0.08	0.1	0.07	0.09	0.09	0.08	0.06	0.11	359	98	1	34.462223	-120.025833	24
10	2008	1989	0.06	0.07	0.11	0.19	0.09	0.09	0.07	0.07	0.08	0.09	0.08	0.07	0.19	347	95	1	34.462223	-120.025833	24
11	2008	1990	0.09	0.08	0.09	0.09	0.06	0.11	0.1	0.07	0.07	0.09	0.06	0.06	0.11	333	92	1	34.462223	-120.025833	24
12	2008	1991	0.09	0.09	0.09	0.07	0.07	0.07	0.07	0.07	0.1	0.11	0.08	0.08	0.11	306	84	1	34.462223	-120.025833	24
13	2008	1992	0.06	0.09	0.11	0.13	0.07	0.07	0.1	0.07	0.09	0.08	0.1	0.05	0.13	332	92	1	34.462223	-120.025833	24
14	2008	1993	0.06	0.06	0.06	0.09	0.11	0.09	0.06	0.08	0.09	0.095	0.106	0.056	0.11	340	92	1	34.462223	-120.025833	24
15	2008	1994	0.061	0.061	0.076	0.081	0.072	0.073	0.067	0.106	0.092	0.095	0.067	0.054	0.106	333	94	1	34.462223	-120.025833	24
16	2008	1995	0.046	0.069	0.069	0.077	0.064	0.084	0.077	0.065	0.13	0.135	0.095	0.069	0.135	351	98	1	34.462223	-120.025833	24
17	2008	1996	0.059	0.065	0.074	0.119	0.12	0.075	0.071	0.098	0.085	0.08	0.062	0.045	0.12	354	96	1	34.462223	-120.025833	24
18	2008	1997	0.054	0.05	0.078	0.081	0.084	0.06	0.058	0.062	0.087	0.082	0.069	0.046	8.700001	358	98	1	34.462223	-120.025833	24
19	2008	1998	0.057	0.048	0.056	0.099	0.058	0.06	0.071	0.074	0.07	0.073	0.063	0.046	9.899998	351	98	1	34.462223	-120.025833	24
20	2008	1999	0.05	0.064	0.062	0.077	0.063	0.057	0.078	0.071	0.066	0.088	0.071	0.05	0.088	359	98	1	34.462223	-120.025833	24
21	2008	2000	0.047	0.049	0.062	0.09	0.094	0.071	0.071	0.066	0.076	0.07	0.056	0.055	9.399998	360	98	1	34.462223	-120.025833	24
22	2008	2001	0.053	0.057	0.082	0.067	0.079	0.075	0.067	0.077	0.087	0.092	0.057	0.046	9.200001	356	97	1	34.462223	-120.025833	24
23	2008	2002	0.063	0.061	0.06	0.063	0.075	0.061	0.069	0.07	0.066	0.072	0.066	0.052	7.499999	364	99	1	34.462223	-120.025833	24
24	2008	2003	0.059	0.054	0.067	0.064	0.061	0.063	0.065	0.079	0.082	0.098	0.055	0.047	9.799999	359	98	1	34.462223	-120.025833	24
25	2008	2004	0.047	0.053	0.073	0.075	0.077	0.067	0.073	0.069	0.109	0.072	0.062	0.053	0.109	361	99	1	34.462223	-120.025833	24
26	2008	2005	0.059	0.052	0.071	0.073	0.082	0.057	0.057	0.066	0.073	0.072	0.059	0.046	8.200002	355	98	1	34.462223	-120.025833	24
27	2008	2006	0.045	0.058	0.055	0.058	0.068	0.059	0.064	0.057	0.082	0.067	0.056	0.049	8.200002	364	99	1	34.462223	-120.025833	24
28	2040	1980	0.08	0.11	0.12	0.18	0.11	0.12	0.12	0.09	0.15	0.14	0.18	0.13	0.18	323	89	1	32.8364	-117.1289	135
29	2040	1981	0.09	0.2	0.09	0.1	0.08	0.13	0.1	0.13	0.11	0.11	0.12	0.1	0.2	332	88	1	32.8364	-117.1289	135
30	2040	1982	0.1	0.16	0.1	0.11	0.09	0.09	0.11	0.14	0.16	0.23	0.12	0.17	0.23	341	92	1	32.8364	-117.1289	135
31	2040	1983	0.09	0.1	0.17	0.09	0.09	0.09	0.12	0.16	0.16	0.28	0.11	0.09	0.28	328	90	1	32.8364	-117.1289	135
32	2040	1984	0.11	0.11	0.11	0.17	0.15	0.09	0.09	0.1	0.28	0.13	0.09	0.08	0.28	320	89	1	32.8364	-117.1289	135
33	2040	1985	0.07	0.11	0.1	0.22	0.11	0.17	0.15	0.15	0.19	0.21	0.12	0.1	0.22	329	92	1	32.8364	-117.1289	135
34	2040	1986	0.11	0.1	0.13	0.13	0.15	0.09	0.08	0.15	0.1	0.15	0.1	0.09	0.15	328	91	1	32.8364	-117.1289	135
35	2040	1987	0.11	0.09	0.09	0.11	0.1	0.08	0.1	0.09	0.17	0.17	0.16	0.11	0.17	337	92	1	32.8364	-117.1289	135
36	2040	1988	0.07	0.19	0.1	0.17	0.17	0.12	0.09	0.1	0.22	0.16	0.11	0.1	0.22	353	95	1	32.8364	-117.1289	135
37	2040	1989	0.08	0.13	0.23	0.12	0.1	0.16	0.16	0.09	0.16	0.12	0.15	0.1	0.23	353	97	1	32.8364	-117.1289	135
38	2040	1990	0.08	0.1	0.14	0.13	0.13	0.15	0.1	0.09	0.1	0.2	0.09	0.07	0.2	337	93	1	32.8364	-117.1289	135
39	2040	1991	0.08	0.13	0.13	0.14	0.15	0.09	0.09	0.1	0.13	0.18	0.1	0.06	0.18	360	99	1	32.8364	-117.1289	135
40	2040	1992	0.06	0.09	0.09	0.16	0.09	0.13	0.08	0.13	0.16	0.11	0.09	0.05	0.16	351	96	1	32.8364	-117.1289	135
41	2040	1993	0.058	0.072	0.078	0.116	0.082	0.118	0.097	0.084	0.146	0.136	0.089	0.063	0.146	342	92	1	32.8364	-117.1289	135
42	2040	1994	0.06	0.07	0.08	0.09	0.082	0.087	0.071	0.093	0.102	0.101	0.082	0.065	0.102	357	99	1	32.8364	-117.1289	135
43	2040	1995	0.058	0.091	0.084	0.09	0.068	0.093	0.12	0.1	0.102	0.1	0.106	0.077	0.12	350	96	1	32.8364	-117.1289	135
44	2040	1996	0.06	0.054	0.095	0.1	0.096	0.12	0.09	0.097	0.067	0.078	0.07	0.042	0.12	325	82	1	32.8364	-117.1289	135
45	2040	1997	0.046	0.066	0.106	0.08	0.089	0.073	0.112	0.095	0.102	0.115	0.096	0.044	0.115	357	99	1	32.8364	-117.1289	135
46	2040	1998	0.071	0.059	0.075	0.082	0.07	0.057	0.105	0.125	0.078	0.092	0.079	0.049	0.125	355	98	1	32.8364	-117.1289	135
47	2040	1999	0.053	0.103	0.104	0.093	0.073	0.073	0.081	0.082	0.069	0.1	0.074	0.047	0.104	342	93	1	32.8364	-117.1289	135
48	2040	2000	0.049	0.051	0.088	0.106	0.071	0.075	0.067	0.072	0.118	0.08	0.066	0.059	0.118	360	99	1	32.8364	-117.1289	135
49	2040	2001	0.058	0.048	0.106	0.085	0.106	0.081	0.07	0.072	0.135	0.111	0.073	0.057	0.135	356	98	1	32.8364	-117.1289	135
50	2040	2002	0.048	0.064	0.065	0.074	0.088	0.074	0.07	0.083	0.112	0.089	0.075	0.054	0.112	351	99	1	32.8364	-117.1289	135
51	2040	2003	0.053	0.055	0.088	0.084	0.093	0.073	0.071	0.077	0.093	0.107	0.059	0.052	0.107	355	97	1	32.8364	-117.1289	135
52	2040	2004	0.062	0.062	0.079	0.102	0.105	0.076	0.071	0.072	0.077	0.1	0.054	0.045	0.105	363	99	1	32.8364	-117.1289	135
53	2040	2005	0.049	0.054	0.075	0.084	0.084	0.064	0.071	0.069	0.079	0.065	0.068	0.048	8.399999	361	99	1	32.8364	-117.1289	135
54	2040	2006	0.065	0.072	0.061	0.071	0.071	0.108	0.09	0.066	0.08	0.079	0.085	0.05	0.108	356	98	1	32.8364	-117.1289	135
55	2102	1980	0.05	0.09	0.07	0.09	0.08	0.09	0.13	0.08	0.12	0.1	0.09	0.06	0.13	357	97	1	38.016945	-121.883614	9
56	2102	1981	0.04	0.05	0.06	0.11	0.09	0.11	0.1	0.11	0.1	0.09	0.06	0.03	0.11	357	97	1	38.016945	-121.883614	9
57	2102	1982	0.06	0.06	0.07	0.09	0.1	0.06	0.08	0.1	0.1	0.1	0.05	0.04	0.1	362	99	1	38.016945	-121.883614	9
58	2102	1983	0.03	0.05	0.06	0.07	0.11	0.14	0.08	0.13	0.11	0.08	0.04	0.03	0.14	348	96	1	38.016945	-121.883614	9
59	2102	1984	0.06	0.06	0.07	0.09	0.09	0.07	0.16	0.12	0.11	0.08	0.05	0.04	0.16	353	98	1	38.016945	-121.883614	9
60	2102	1985	0.04	0.07	0.06	0.14	0.08	0.09	0.1	0.07	0.08	0.1	0.07	0.03	0.14	363	100	1	38.016945	-121.883614	9
61	2102	1986	0.03	0.06	0.08	0.07	0.09	0.08	0.08	0.1	0.08	0.09	0.08	0.05	0.1	353	98	1	38.016945	-121.883614	9
62	2102	1987	0.05	0.05	0.07	0.1	0.15	0.11	0.08	0.13	0.1	0.11	0.05	0.04	0.15	355	98	1	38.016945	-121.883614	9
63	2102	1988	0.05	0.07	0.1	0.12	0.12	0.08	0.12	0.09	0.1	0.09	0.06	0.04	0.12	348	98	1	38.016945	-121.883614	9
64	2102	1989	0.05	0.05	0.05	0.11	0.07	0.09	0.1	0.08	0.1	0.11	0.06	0.04	0.11	363	100	1	38.016945	-121.883614	9
65	2102	1990	0.04	0.06	0.05	0.07	0.09	0.11	0.11	0.1	0.1	0.08	0.06	0.06	0.11	361	99	1	38.016945	-121.883614	9
66	2102	1991	0.06	0.06	0.07	0.06	0.06	0.08	0.08	0.08	0.08	0.07	0.07	0.04	7.999998	362	99	1	38.016945	-121.883614	9
67	2102	1992	0.04	0.06	0.06	0.07	0.08	0.07	0.11	0.1	0.1	0.09	0.05	0.04	0.11	358	98	1	38.016945	-121.883614	9
68	2102	1993	0.04	0.05	0.07	0.07	0.08	0.13	0.09	0.1	0.1	0.09	0.07	0.04	0.13	361	99	1	38.016945	-121.883614	9
69	2102	1994	0.048	0.047	0.066	0.073	0.077	0.111	0.074	0.097	0.105	0.085	0.038	0.033	0.111	362	99	1	38.016945	-121.883614	9
70	2102	1995	0.044	0.052	0.057	0.074	0.063	0.121	0.119	0.113	0.124	0.095	0.068	0.037	0.124	361	99	1	38.016945	-121.883614	9
71	2102	1996	0.037	0.051	0.072	0.108	0.093	0.121	0.117	0.094	0.101	0.095	0.058	0.04	0.121	361	99	1	38.016945	-121.883614	9
72	2102	1997	0.042	0.044	0.052	0.061	0.062	0.062	0.083	0.087	0.076	0.067	0.051	0.039	8.700001	360	98	1	38.016945	-121.883614	9
73	2102	1998	0.048	0.041	0.047	0.08	0.043	0.057	0.095	0.097	0.096	0.055	0.046	0.037	0.097	360	99	1	38.016945	-121.883614	9
74	2102	1999	0.039	0.037	0.046	0.068	0.046	0.069	0.098	0.095	0.087	0.086	0.048	0.033	9.799999	360	98	1	38.016945	-121.883614	9
75	2102	2000	0.032	0.046	0.058	0.086	0.107	0.078	0.084	0.091	0.091	0.071	0.043	0.036	0.107	362	99	1	38.016945	-121.883614	9
76	2102	2001	0.042	0.049	0.082	0.066	0.106	0.093	0.118	0.086	0.081	0.088	0.057	0.042	0.118	358	98	1	38.016945	-121.883614	9
77	2102	2002	0.036	0.046	0.064	0.064	0.069	0.069	0.111	0.096	0.103	0.085	0.052	0.045	0.111	360	99	1	38.016945	-121.883614	9
78	2102	2003	0.033	0.046	0.076	0.065	0.083	0.085	0.09	0.089	0.094	0.06	0.042	0.043	9.399998	345	95	1	38.016945	-121.883614	9
79	2102	2004	0.041	0.046	0.065	0.071	0.08	0.082	0.063	0.083	0.09	0.081	0.042	0.041	8.999997	360	97	1	38.016945	-121.883614	9
80	2102	2005	0.04	0.045	0.059	0.063	0.065	0.061	0.081	0.084	0.094	0.074	0.051	0.044	9.399998	363	99	1	38.016945	-121.883614	9
81	2102	2006	0.042	0.052	0.048	0.055	0.071	0.105	0.104	0.102	0.087	0.067	0.045	0.043	0.105	360	99	1	38.016945	-121.883614	9
82	2125	1980	0.03	0.05	0.03	0.05	0.05	0.1	0.08	0.05	0.13	0.15	0.06	0.05	0.15	331	87	1	37.482498	-122.203331	9
83	2125	1981	0.06	0.07	0.06	0.13	0.06	0.1	0.09	0.06	0.07	0.08	0.06	0.03	0.13	357	97	1	37.482498	-122.203331	9
84	2125	1982	0.03	0.05	0.05	0.06	0.1	0.04	0.04	0.09	0.07	0.08	0.05	0.03	0.1	358	98	1	37.482498	-122.203331	9
85	2125	1983	0.03	0.04	0.04	0.07	0.08	0.1	0.1	0.14	0.17	0.1	0.05	0.05	0.17	359	99	1	37.482498	-122.203331	9
86	2125	1984	0.05	0.06	0.06	0.11	0.1	0.06	0.1	0.08	0.11	0.06	0.05	0.05	0.11	362	98	1	37.482498	-122.203331	9
87	2125	1985	0.04	0.05	0.05	0.13	0.06	0.06	0.1	0.06	0.08	0.11	0.03	0.03	0.13	355	98	1	37.482498	-122.203331	9
88	2125	1986	0.04	0.07	0.07	0.05	0.06	0.1	0.08	0.04	0.05	0.07	0.05	0.04	0.1	352	95	1	37.482498	-122.203331	9
89	2125	1987	0.04	0.04	0.07	0.09	0.1	0.08	0.06	0.09	0.08	0.12	0.04	0.04	0.12	360	98	1	37.482498	-122.203331	9
90	2125	1988	0.05	0.07	0.09	0.1	0.1	0.05	0.09	0.06	0.07	0.09	0.04	0.04	0.1	357	98	1	37.482498	-122.203331	9
91	2125	1989	0.05	0.05	0.05	0.09	0.07	0.08	0.06	0.07	0.06	0.1	0.05	0.02	0.1	364	100	1	37.482498	-122.203331	9
92	2125	1990	0.03	0.04	0.04	0.05	0.06	0.08	0.06	0.05	0.06	0.05	0.04	0.03	7.999998	363	99	1	37.482498	-122.203331	9
93	2125	1991	0.04	0.05	0.05	0.05	0.06	0.07	0.07	0.05	0.08	0.07	0.04	0.05	7.999998	358	97	1	37.482498	-122.203331	9
94	2125	1992	0.03	0.05	0.04	0.06	0.07	0.04	0.06	0.05	0.09	0.07	0.03	0.04	8.999997	365	100	1	37.482498	-122.203331	9
95	2125	1993	0.04	0.05	0.06	0.04	0.06	0.05	0.1	0.09	0.06	0.07	0.04	0.04	0.1	359	99	1	37.482498	-122.203331	9
96	2125	1994	0.046	0.044	0.061	0.048	0.053	0.07	0.041	0.065	0.084	0.084	0.042	0.038	8.399999	354	98	1	37.482498	-122.203331	9
97	2125	1995	0.039	0.056	0.056	0.076	0.049	0.116	0.14	0.103	0.083	0.071	0.053	0.041	0.14	362	99	1	37.482498	-122.203331	9
98	2125	1996	0.04	0.044	0.059	0.091	0.097	0.09	0.061	0.046	0.075	0.068	0.039	0.04	0.097	357	97	1	37.482498	-122.203331	9
99	2125	1997	0.04	0.046	0.056	0.057	0.079	0.041	0.048	0.035	0.09	0.059	0.042	0.037	8.999997	356	96	1	37.482498	-122.203331	9
100	2125	1998	0.047	0.045	0.045	0.065	0.047	0.058	0.054	0.066	0.06	0.043	0.041	0.037	6.599998	350	97	1	37.482498	-122.203331	9
101	2125	1999	0.04	0.041	0.046	0.063	0.044	0.061	0.069	0.063	0.082	0.081	0.037	0.025	8.200002	359	98	1	37.482498	-122.203331	9
102	2125	2000	0.039	0.044	0.047	0.061	0.08	0.083	0.033	0.044	0.07	0.051	0.034	0.031	0.083	360	99	1	37.482498	-122.203331	9
103	2125	2001	0.036	0.045	0.045	0.05	0.081	0.057	0.055	0.037	0.105	0.061	0.038	0.042	0.105	343	96	1	37.482498	-122.203331	9
104	2125	2002	0.035	0.069	0.061	0.054	0.057	0.056	0.054	0.09	0.079	0.079	0.042	0.041	8.999997	332	88	1	37.482498	-122.203331	9
105	2125	2003	0.036	0.041	0.063	0.056	0.066	0.09	0.048	0.073	0.113	0.055	0.041	0.041	0.113	355	98	1	37.482498	-122.203331	9
106	2125	2004	0.037	0.05	0.066	0.097	0.062	0.049	0.04	0.061	0.084	0.059	0.039	0.04	0.097	357	97	1	37.482498	-122.203331	9
107	2125	2005	0.041	0.045	0.053	0.057	0.052	0.042	0.084	0.063	0.064	0.05	0.039	0.042	8.399999	359	99	1	37.482498	-122.203331	9
108	2125	2006	0.052	0.043	0.049	0.048	0.081	0.072	0.068	0.085	0.062	0.064	0.039	0.041	8.499998	356	99	1	37.482498	-122.203331	9
109	2199	1980	0.05	0.07	0.09	0.15	0.17	0.19	0.21	0.2	0.2	0.13	0.1	0.07	0.21	355	94	1	33.819443	-116.489998	171
110	2199	1981	0.09	0.07	0.11	0.16	0.17	0.19	0.17	0.19	0.18	0.1	0.1	0.08	0.19	352	98	1	33.819443	-116.489998	171
111	2199	1982	0.05	0.09	0.07	0.13	0.15	0.17	0.19	0.18	0.19	0.12	0.06	0.05	0.19	357	99	1	33.819443	-116.489998	171
112	2199	1983	0.05	0.09	0.09	0.11	0.16	0.16	0.18	0.19	0.19	0.09	0.08	0.05	0.19	357	98	1	33.819443	-116.489998	171
113	2199	1984	0.04	0.08	0.12	0.14	0.17	0.16	0.18	0.2	0.13	0.11	0.08	0.05	0.2	355	96	1	33.819443	-116.489998	171
114	2199	1985	0.08	0.08	0.1	0.18	0.15	0.15	0.22	0.24	0.16	0.09	0.08	0.06	0.24	360	99	1	33.819443	-116.489998	171
115	2199	1986	0.07	0.06	0.09	0.11	0.16	0.18	0.16	0.16	0.15	0.12	0.08	0.05	0.18	355	94	1	33.819443	-116.489998	171
116	2199	1987	0.06	0.06	0.08	0.14	0.14	0.17	0.16	0.16	0.14	0.12	0.05	0.06	0.17	359	99	1	33.819443	-116.489998	171
117	2199	1988	0.06	0.07	0.13	0.16	0.19	0.18	0.16	0.2	0.15	0.11	0.09	0.04	0.2	360	100	1	33.819443	-116.489998	171
118	2199	1989	0.05	0.11	0.15	0.13	0.14	0.18	0.19	0.15	0.13	0.14	0.08	0.07	0.19	363	100	1	33.819443	-116.489998	171
119	2199	1990	0.06	0.08	0.12	0.15	0.13	0.17	0.15	0.14	0.17	0.13	0.09	0.06	0.17	361	99	1	33.819443	-116.489998	171
120	2199	1991	0.06	0.08	0.07	0.09	0.14	0.18	0.17	0.18	0.13	0.13	0.06	0.05	0.18	364	100	1	33.819443	-116.489998	171
121	2199	1992	0.04	0.07	0.08	0.13	0.09	0.14	0.14	0.15	0.15	0.11	0.08	0.05	0.15	330	86	1	33.819443	-116.489998	171
122	2199	1993	0.05	0.06	0.09	0.13	0.13	0.15	0.15	0.17	0.14	0.1	0.07	0.06	0.17	364	99	1	33.819443	-116.489998	171
123	2199	1994	0.042	0.069	0.103	0.13	0.112	0.149	0.165	0.158	0.118	0.115	0.063	0.047	0.165	360	99	1	33.819443	-116.489998	171
124	2199	1995	0.043	0.067	0.094	0.09	0.122	0.15	0.16	0.142	0.111	0.147	0.081	0.081	0.16	359	99	1	33.819443	-116.489998	171
125	2199	1996	0.055	0.058	0.075	0.123	0.16	0.152	0.131	0.132	0.095	0.096	0.058	0.046	0.16	363	99	1	33.819443	-116.489998	171
126	2199	1997	0.05	0.056	0.082	0.098	0.115	0.13	0.155	0.143	0.092	0.095	0.046	0.046	0.155	338	98	1	33.819443	-116.489998	171
127	2199	1998	0.05	0.051	0.077	0.088	0.085	0.122	0.173	0.156	0.123	0.09	0.08	0.05	0.173	350	96	1	33.819443	-116.489998	171
128	2199	1999	0.066	0.064	0.073	0.079	0.109	0.126	0.114	0.1	0.11	0.095	0.068	0.048	0.126	350	95	1	33.819443	-116.489998	171
129	2199	2000	0.048	0.055	0.087	0.098	0.109	0.117	0.113	0.124	0.121	0.081	0.041	0.037	0.124	361	100	1	33.819443	-116.489998	171
130	2199	2001	0.047	0.055	0.09	0.1	0.128	0.127	0.128	0.137	0.107	0.088	0.059	0.053	0.137	365	100	1	33.819443	-116.489998	171
131	2199	2002	0.048	0.067	0.071	0.097	0.106	0.123	0.121	0.136	0.097	0.095	0.072	0.055	0.136	361	99	1	33.819443	-116.489998	171
132	2199	2003	0.057	0.061	0.087	0.084	0.12	0.131	0.141	0.113	0.115	0.098	0.06	0.049	0.141	355	99	1	33.819443	-116.489998	171
133	2199	2004	0.051	0.073	0.077	0.098	0.102	0.125	0.121	0.113	0.092	0.086	0.056	0.043	0.125	358	97	1	33.819443	-116.489998	171
134	2199	2005	0.047	0.062	0.077	0.089	0.127	0.13	0.139	0.112	0.096	0.078	0.06	0.044	0.139	351	96	1	33.819443	-116.489998	171
135	2199	2006	0.058	0.064	0.068	0.093	0.113	0.126	0.125	0.11	0.099	0.079	0.073	0.051	0.126	354	100	1	33.819443	-116.489998	171
136	2249	1980	0.07	0.16	0.1	0.19	0.16	0.21	0.25	0.21	0.31	0.26	0.22	0.13	0.31	352	98	1	33.925278	-117.952225	82
137	2249	1981	0.07	0.2	0.09	0.14	0.2	0.23	0.23	0.27	0.19	0.1	0.07	0.09	0.27	350	94	1	33.925278	-117.952225	82
138	2249	1982	0.08	0.15	0.1	0.11	0.13	0.12	0.23	0.24	0.32	0.18	0.1	0.09	0.32	347	98	1	33.925278	-117.952225	82
139	2249	1983	0.09	0.1	0.16	0.12	0.24	0.22	0.27	0.27	0.26	0.18	0.14	0.07	0.27	361	100	1	33.925278	-117.952225	82
140	2249	1984	0.07	0.14	0.13	0.22	0.21	0.17	0.24	0.21	0.32	0.25	0.16	0.07	0.32	356	97	1	33.925278	-117.952225	82
141	2249	1985	0.06	0.1	0.14	0.34	0.19	0.28	0.2	0.27	0.19	0.25	0.16	0.09	0.34	360	98	1	33.925278	-117.952225	82
142	2249	1986	0.07	0.15	0.2	0.13	0.22	0.21	0.19	0.25	0.19	0.19	0.12	0.08	0.25	360	100	1	33.925278	-117.952225	82
143	2249	1987	0.07	0.1	0.1	0.21	0.21	0.16	0.18	0.2	0.24	0.2	0.14	0.09	0.24	360	99	1	33.925278	-117.952225	82
144	2249	1988	0.07	0.1	0.12	0.24	0.23	0.15	0.19	0.15	0.29	0.18	0.11	0.06	0.29	364	100	1	33.925278	-117.952225	82
145	2249	1989	0.07	0.13	0.14	0.14	0.14	0.22	0.26	0.16	0.24	0.17	0.11	0.07	0.26	363	100	1	33.925278	-117.952225	82
146	2249	1990	0.06	0.1	0.12	0.11	0.13	0.21	0.16	0.16	0.19	0.21	0.07	0.05	0.21	362	100	1	33.925278	-117.952225	82
147	2249	1991	0.05	0.1	0.09	0.12	0.12	0.14	0.19	0.17	0.21	0.19	0.1	0.05	0.21	365	100	1	33.925278	-117.952225	82
148	2249	1992	0.05	0.07	0.09	0.21	0.15	0.12	0.17	0.17	0.18	0.13	0.07	0.03	0.21	364	99	1	33.925278	-117.952225	82
149	2249	1993	0.03	0.05	0.09	0.12	0.12	0.16	0.17	0.15	0.19	0.11	0.08	0.04	0.19	361	99	1	33.925278	-117.952225	82
150	2249	1994	0.046	0.067	0.085	0.112	0.143	0.252	0.129	0.212	0.154	0.101	0.06	0.036	0.252	363	99	1	33.925278	-117.952225	82
151	2249	1995	0.034	0.069	0.096	0.08	0.106	0.129	0.125	0.131	0.16	0.093	0.089	0.068	0.16	363	100	1	33.925278	-117.952225	82
152	2249	1996	0.042	0.042	0.077	0.093	0.144	0.134	0.099	0.138	0.094	0.15	0.048	0.039	0.15	364	99	1	33.925278	-117.952225	82
153	2249	1997	0.043	0.048	0.092	0.079	0.134	0.084	0.109	0.097	0.102	0.07	0.058	0.037	0.134	363	99	1	33.925278	-117.952225	82
154	2249	1998	0.036	0.039	0.08	0.112	0.061	0.093	0.12	0.182	0.107	0.089	0.061	0.035	0.182	363	99	1	33.925278	-117.952225	82
155	2249	1999	0.041	0.072	0.074	0.105	0.079	0.094	0.097	0.114	0.095	0.116	0.048	0.05	0.116	360	99	1	33.925278	-117.952225	82
156	2249	2000	0.039	0.048	0.074	0.111	0.137	0.095	0.091	0.108	0.106	0.08	0.054	0.029	0.137	364	100	1	33.925278	-117.952225	82
157	2249	2001	0.029	0.058	0.081	0.077	0.091	0.104	0.078	0.114	0.108	0.09	0.048	0.032	0.114	365	100	1	33.925278	-117.952225	82
158	2249	2002	0.035	0.049	0.068	0.072	0.084	0.12	0.093	0.121	0.107	0.079	0.058	0.039	0.121	361	99	1	33.925278	-117.952225	82
159	2249	2003	0.043	0.047	0.078	0.068	0.165	0.102	0.094	0.121	0.111	0.086	0.042	0.034	0.165	361	100	1	33.925278	-117.952225	82
160	2249	2004	0.043	0.049	0.079	0.086	0.095	0.093	0.082	0.097	0.099	0.093	0.048	0.036	9.899998	357	96	1	33.925278	-117.952225	82
161	2249	2005	0.043	0.044	0.057	0.082	0.087	0.079	0.082	0.094	0.078	0.059	0.061	0.034	9.399998	357	96	1	33.925278	-117.952225	82
162	2249	2006	0.04	0.061	0.065	0.077	0.082	0.128	0.146	0.088	0.091	0.065	0.069	0.04	0.146	350	94	1	33.925278	-117.952225	82
163	2293	1980	0.04	0.06	0.06	0.07	0.08	0.1	0.18	0.07	0.18	0.19	0.08	0.04	0.19	358	99	1	37.535831	-121.96167	24
164	2293	1981	0.04	0.05	0.06	0.16	0.09	0.13	0.1	0.14	0.12	0.1	0.05	0.03	0.16	355	98	1	37.535831	-121.96167	24
165	2293	1982	0.04	0.06	0.05	0.09	0.14	0.07	0.07	0.14	0.09	0.09	0.05	0.03	0.14	349	94	1	37.535831	-121.96167	24
166	2293	1983	0.03	0.04	0.05	0.08	0.13	0.13	0.16	0.16	0.16	0.1	0.05	0.03	0.16	359	98	1	37.535831	-121.96167	24
167	2293	1984	0.04	0.06	0.06	0.14	0.13	0.1	0.15	0.11	0.12	0.07	0.04	0.03	0.15	362	98	1	37.535831	-121.96167	24
168	2293	1985	0.03	0.06	0.05	0.15	0.07	0.09	0.1	0.1	0.12	0.14	0.06	0.03	0.15	343	93	1	37.535831	-121.96167	24
169	2293	1986	0.05	0.07	0.08	0.13	0.09	0.14	0.1	0.07	0.08	0.09	0.07	0.04	0.14	349	94	1	37.535831	-121.96167	24
170	2293	1987	0.03	0.06	0.07	0.11	0.14	0.12	0.08	0.11	0.12	0.16	0.05	0.04	0.16	362	99	1	37.535831	-121.96167	24
171	2293	1988	0.05	0.07	0.1	0.12	0.1	0.07	0.13	0.09	0.12	0.11	0.05	0.04	0.13	349	95	1	37.535831	-121.96167	24
172	2293	1989	0.05	0.06	0.05	0.11	0.08	0.11	0.12	0.11	0.11	0.12	0.07	0.04	0.12	354	98	1	37.535831	-121.96167	24
173	2293	1990	0.04	0.05	0.06	0.08	0.11	0.09	0.13	0.08	0.1	0.07	0.07	0.05	0.13	359	99	1	37.535831	-121.96167	24
174	2293	1991	0.05	0.05	0.07	0.06	0.06	0.07	0.11	0.08	0.12	0.12	0.06	0.05	0.12	360	98	1	37.535831	-121.96167	24
175	2293	1992	0.04	0.05	0.06	0.07	0.09	0.07	0.1	0.08	0.12	0.11	0.05	0.04	0.12	364	100	1	37.535831	-121.96167	24
176	2293	1993	0.04	0.05	0.08	0.06	0.07	0.11	0.13	0.12	0.09	0.06	0.06	0.04	0.13	346	96	1	37.535831	-121.96167	24
177	2293	1994	0.044	0.046	0.071	0.066	0.072	0.096	0.071	0.12	0.105	0.08	0.035	0.034	0.12	345	95	1	37.535831	-121.96167	24
178	2293	1995	0.038	0.054	0.056	0.072	0.062	0.153	0.149	0.102	0.102	0.072	0.052	0.034	0.153	353	97	1	37.535831	-121.96167	24
179	2293	1996	0.038	0.042	0.054	0.094	0.1	0.093	0.09	0.076	0.098	0.093	0.046	0.035	0.1	355	98	1	37.535831	-121.96167	24
180	2293	1997	0.039	0.045	0.052	0.056	0.109	0.057	0.061	0.055	0.096	0.059	0.049	0.039	0.109	354	98	1	37.535831	-121.96167	24
181	2293	1998	0.042	0.043	0.048	0.073	0.047	0.072	0.106	0.115	0.102	0.058	0.036	0.035	0.115	354	98	1	37.535831	-121.96167	24
182	2293	1999	0.041	0.041	0.046	0.068	0.054	0.083	0.133	0.085	0.089	0.097	0.056	0.039	0.133	360	99	1	37.535831	-121.96167	24
183	2293	2000	0.036	0.044	0.051	0.076	0.098	0.102	0.056	0.067	0.084	0.075	0.039	0.035	0.102	358	97	1	37.535831	-121.96167	24
184	2293	2001	0.038	0.05	0.058	0.051	0.098	0.106	0.091	0.05	0.109	0.069	0.042	0.04	0.109	355	98	1	37.535831	-121.96167	24
185	2293	2002	0.037	0.045	0.057	0.061	0.056	0.058	0.084	0.11	0.095	0.073	0.047	0.044	0.11	337	95	1	37.535831	-121.96167	24
186	2293	2003	0.037	0.044	0.071	0.052	0.073	0.099	0.099	0.089	0.123	0.06	0.039	0.043	0.123	360	99	1	37.535831	-121.96167	24
187	2293	2004	0.039	0.04	0.068	0.09	0.088	0.081	0.058	0.077	0.084	0.071	0.038	0.036	8.999997	354	96	1	37.535831	-121.96167	24
188	2293	2005	0.039	0.049	0.058	0.051	0.059	0.056	0.105	0.066	0.081	0.061	0.053	0.044	0.105	362	99	1	37.535831	-121.96167	24
189	2293	2006	0.039	0.05	0.046	0.056	0.097	0.102	0.094	0.098	0.099	0.075	0.039	0.039	0.102	361	99	1	37.535831	-121.96167	24
190	2410	1980	0.02	0.04	0.06	0.06	0.05	0.07	0.09	0.08	0.14	0.12	0.05	0.05	0.14	358	98	1	38.102501	-122.238052	30
191	2410	1981	0.03	0.05	0.05	0.07	0.07	0.09	0.12	0.1	0.09	0.07	0.06	0.03	0.12	359	99	1	38.102501	-122.238052	30
192	2410	1982	0.04	0.05	0.05	0.1	0.09	0.04	0.06	0.08	0.08	0.09	0.04	0.03	0.1	356	97	1	38.102501	-122.238052	30
193	2410	1983	0.03	0.03	0.04	0.06	0.08	0.13	0.08	0.12	0.13	0.08	0.03	0.04	0.13	356	98	1	38.102501	-122.238052	30
194	2410	1984	0.04	0.05	0.06	0.07	0.11	0.07	0.13	0.14	0.14	0.08	0.05	0.04	0.14	352	97	1	38.102501	-122.238052	30
195	2410	1985	0.03	0.06	0.05	0.12	0.06	0.07	0.12	0.07	0.11	0.1	0.08	0.03	0.12	355	97	1	38.102501	-122.238052	30
196	2410	1986	0.03	0.06	0.08	0.07	0.09	0.08	0.08	0.07	0.06	0.08	0.06	0.04	8.999997	356	99	1	38.102501	-122.238052	30
197	2410	1987	0.04	0.05	0.07	0.1	0.06	0.09	0.09	0.11	0.1	0.08	0.04	0.04	0.11	349	97	1	38.102501	-122.238052	30
198	2410	1988	0.05	0.06	0.1	0.12	0.1	0.07	0.12	0.09	0.09	0.09	0.06	0.05	0.12	347	95	1	38.102501	-122.238052	30
199	2410	1989	0.05	0.05	0.04	0.12	0.07	0.1	0.08	0.07	0.09	0.08	0.06	0.04	0.12	345	95	1	38.102501	-122.238052	30
200	2410	1990	0.04	0.05	0.05	0.07	0.09	0.08	0.11	0.08	0.1	0.06	0.05	0.04	0.11	362	99	1	38.102501	-122.238052	30
201	2410	1991	0.05	0.05	0.06	0.05	0.06	0.06	0.08	0.06	0.1	0.11	0.08	0.04	0.11	353	97	1	38.102501	-122.238052	30
202	2410	1992	0.04	0.06	0.06	0.07	0.08	0.06	0.08	0.07	0.09	0.1	0.05	0.04	0.1	362	99	1	38.102501	-122.238052	30
203	2410	1993	0.05	0.05	0.07	0.06	0.07	0.11	0.09	0.1	0.09	0.07	0.06	0.04	0.11	354	97	1	38.102501	-122.238052	30
204	2410	1994	0.048	0.044	0.072	0.07	0.062	0.093	0.059	0.098	0.1	0.088	0.037	0.03	0.1	326	90	1	38.102501	-122.238052	30
205	2410	1995	0.035	0.053	0.051	0.071	0.052	0.133	0.095	0.1	0.095	0.076	0.057	0.038	0.133	336	92	1	38.102501	-122.238052	30
206	2410	1996	0.038	0.054	0.055	0.096	0.08	0.112	0.093	0.081	0.111	0.08	0.051	0.038	0.112	355	97	1	38.102501	-122.238052	30
207	2410	1997	0.039	0.043	0.053	0.058	0.073	0.061	0.075	0.071	0.103	0.062	0.055	0.038	0.103	360	99	1	38.102501	-122.238052	30
208	2410	1998	0.046	0.046	0.048	0.054	0.043	0.057	0.079	0.119	0.104	0.066	0.039	0.039	0.119	360	98	1	38.102501	-122.238052	30
209	2410	1999	0.037	0.041	0.046	0.075	0.054	0.072	0.113	0.098	0.092	0.094	0.054	0.038	0.113	357	98	1	38.102501	-122.238052	30
210	2410	2000	0.033	0.035	0.043	0.061	0.07	0.079	0.046	0.057	0.066	0.053	0.038	0.032	0.079	355	98	1	38.102501	-122.238052	30
211	2410	2001	0.032	0.044	0.065	0.059	0.091	0.076	0.082	0.055	0.075	0.082	0.048	0.041	9.100002	357	99	1	38.102501	-122.238052	30
212	2410	2002	0.036	0.048	0.063	0.062	0.063	0.063	0.082	0.109	0.088	0.073	0.052	0.041	0.109	359	100	1	38.102501	-122.238052	30
213	2410	2003	0.028	0.041	0.072	0.052	0.073	0.101	0.095	0.073	0.086	0.058	0.042	0.039	0.101	362	99	1	38.102501	-122.238052	30
214	2410	2004	0.035	0.042	0.06	0.087	0.077	0.055	0.051	0.07	0.09	0.104	0.042	0.038	0.104	359	99	1	38.102501	-122.238052	30
215	2410	2005	0.035	0.042	0.052	0.055	0.055	0.052	0.084	0.061	0.087	0.052	0.047	0.043	8.700001	336	92	1	38.102501	-122.238052	30
216	2410	2006	0.039	0.045	0.043	0.045	0.063	0.075	0.08	0.076	0.079	0.058	0.037	0.039	7.999998	353	97	1	38.102501	-122.238052	30
217	2420	1980	0.06	0.08	0.09	0.17	0.22	0.23	0.24	0.3	0.24	0.38	0.16	0.12	0.38	362	100	1	34.199165	-118.532776	226
218	2420	1981	0.1	0.11	0.13	0.15	0.18	0.19	0.21	0.25	0.21	0.12	0.14	0.11	0.25	357	97	1	34.199165	-118.532776	226
219	2420	1982	0.09	0.18	0.13	0.15	0.15	0.18	0.2	0.2	0.22	0.16	0.09	0.06	0.22	348	97	1	34.199165	-118.532776	226
220	2420	1983	0.06	0.15	0.07	0.1	0.24	0.22	0.26	0.25	0.24	0.2	0.11	0.06	0.26	354	98	1	34.199165	-118.532776	226
221	2420	1984	0.09	0.11	0.15	0.14	0.19	0.23	0.26	0.23	0.21	0.16	0.14	0.07	0.26	356	98	1	34.199165	-118.532776	226
222	2420	1985	0.08	0.17	0.12	0.21	0.22	0.25	0.24	0.23	0.16	0.15	0.13	0.08	0.25	357	99	1	34.199165	-118.532776	226
223	2420	1986	0.08	0.17	0.12	0.17	0.22	0.21	0.16	0.2	0.2	0.16	0.09	0.06	0.22	362	99	1	34.199165	-118.532776	226
224	2420	1987	0.05	0.09	0.1	0.15	0.17	0.19	0.21	0.17	0.22	0.17	0.11	0.08	0.22	356	97	1	34.199165	-118.532776	226
225	2420	1988	0.06	0.11	0.11	0.13	0.18	0.18	0.21	0.2	0.25	0.19	0.12	0.05	0.25	362	99	1	34.199165	-118.532776	226
226	2420	1989	0.07	0.11	0.13	0.19	0.2	0.21	0.23	0.14	0.17	0.15	0.11	0.06	0.23	358	97	1	34.199165	-118.532776	226
227	2420	1990	0.05	0.12	0.15	0.15	0.11	0.16	0.17	0.19	0.16	0.16	0.09	0.05	0.19	361	99	1	34.199165	-118.532776	226
228	2420	1991	0.06	0.08	0.08	0.13	0.16	0.17	0.19	0.22	0.19	0.16	0.11	0.04	0.22	357	97	1	34.199165	-118.532776	226
229	2420	1992	0.06	0.06	0.08	0.15	0.15	0.14	0.17	0.16	0.16	0.14	0.07	0.03	0.17	364	99	1	34.199165	-118.532776	226
230	2420	1993	0.04	0.04	0.14	0.12	0.16	0.17	0.15	0.18	0.19	0.15	0.1	0.05	0.19	357	99	1	34.199165	-118.532776	226
231	2420	1994	0.047	0.073	0.103	0.136	0.128	0.14	0.117	0.117	0.105	0.092	0.072	0.037	0.14	359	99	1	34.199165	-118.532776	226
232	2420	1995	0.032	0.067	0.075	0.08	0.112	0.137	0.138	0.134	0.145	0.11	0.093	0.062	0.145	362	100	1	34.199165	-118.532776	226
233	2420	1996	0.049	0.048	0.082	0.107	0.128	0.128	0.128	0.205	0.112	0.111	0.054	0.042	0.205	362	99	1	34.199165	-118.532776	226
234	2420	1997	0.041	0.049	0.074	0.064	0.106	0.095	0.105	0.121	0.091	0.103	0.081	0.044	0.121	362	99	1	34.199165	-118.532776	226
235	2420	1998	0.045	0.054	0.067	0.087	0.067	0.107	0.161	0.147	0.088	0.082	0.06	0.04	0.161	362	99	1	34.199165	-118.532776	226
236	2420	1999	0.038	0.067	0.068	0.084	0.087	0.1	0.097	0.09	0.08	0.077	0.05	0.034	0.1	364	99	1	34.199165	-118.532776	226
237	2420	2000	0.04	0.045	0.053	0.065	0.098	0.089	0.106	0.109	0.106	0.08	0.037	0.036	0.109	363	100	1	34.199165	-118.532776	226
238	2420	2001	0.035	0.026	0.066	0.054	0.098	0.103	0.121	0.14	0.092	0.095	0.05	0.033	0.14	365	100	1	34.199165	-118.532776	226
239	2420	2002	0.038	0.052	0.085	0.116	0.152	0.128	0.147	0.131	0.138	0.104	0.053	0.046	0.152	360	99	1	34.199165	-118.532776	226
240	2420	2003	0.054	0.048	0.088	0.084	0.134	0.128	0.179	0.135	0.145	0.124	0.054	0.046	0.179	361	100	1	34.199165	-118.532776	226
241	2420	2004	0.057	0.057	0.1	0.089	0.105	0.129	0.115	0.131	0.12	0.101	0.049	0.045	0.131	361	98	1	34.199165	-118.532776	226
242	2420	2005	0.052	0.055	0.067	0.101	0.112	0.111	0.129	0.138	0.115	0.076	0.061	0.044	0.138	357	97	1	34.199165	-118.532776	226
243	2420	2006	0.045	0.059	0.066	0.081	0.101	0.128	0.158	0.118	0.108	0.071	0.07	0.044	0.158	356	100	1	34.199165	-118.532776	226
244	2460	1980	0.06	0.12	0.14	0.17	0.15	0.19	0.21	0.19	0.17	0.23	0.16	0.09	0.23	352	95	1	32.8422	-116.7683	603
245	2460	1981	0.09	0.14	0.11	0.14	0.15	0.19	0.16	0.18	0.16	0.12	0.13	0.14	0.19	342	91	1	32.8422	-116.7683	603
246	2460	1982	0.11	0.1	0.1	0.11	0.14	0.13	0.16	0.18	0.17	0.15	0.11	0.11	0.18	344	91	1	32.8422	-116.7683	603
247	2460	1983	0.11	0.13	0.12	0.09	0.15	0.17	0.18	0.17	0.15	0.14	0.14	0.09	0.18	331	92	1	32.8422	-116.7683	603
248	2460	1984	0.08	0.11	0.12	0.14	0.15	0.15	0.14	0.16	0.14	0.11	0.11	0.08	0.16	312	81	1	32.8422	-116.7683	603
249	2460	1985	0.1	0.12	0.11	0.15	0.17	0.17	0.21	0.22	0.12	0.15	0.12	0.08	0.22	329	94	1	32.8422	-116.7683	603
250	2460	1986	0.1	0.15	0.13	0.15	0.13	0.13	0.12	0.14	0.16	0.14	0.1	0.07	0.16	311	77	1	32.8422	-116.7683	603
251	2460	1987	0.08	0.08	0.1	0.14	0.13	0.13	0.15	0.16	0.17	0.14	0.1	0.09	0.17	346	93	1	32.8422	-116.7683	603
252	2460	1988	0.07	0.11	0.12	0.14	0.16	0.15	0.17	0.19	0.17	0.18	0.13	0.1	0.19	362	99	1	32.8422	-116.7683	603
253	2460	1989	0.07	0.12	0.2	0.12	0.15	0.17	0.15	0.15	0.17	0.14	0.11	0.1	0.2	357	98	1	32.8422	-116.7683	603
254	2460	1990	0.09	0.1	0.15	0.14	0.12	0.17	0.16	0.15	0.15	0.15	0.11	0.07	0.17	364	100	1	32.8422	-116.7683	603
255	2460	1991	0.07	0.1	0.09	0.12	0.11	0.13	0.13	0.14	0.15	0.14	0.09	0.08	0.15	362	100	1	32.8422	-116.7683	603
256	2460	1992	0.07	0.07	0.1	0.17	0.13	0.11	0.12	0.15	0.13	0.14	0.12	0.06	0.17	353	99	1	32.8422	-116.7683	603
257	2460	1993	0.08	0.072	0.101	0.133	0.115	0.13	0.139	0.123	0.187	0.155	0.085	0.073	0.187	355	99	1	32.8422	-116.7683	603
258	2460	1994	0.072	0.113	0.096	0.141	0.118	0.147	0.139	0.132	0.118	0.106	0.085	0.063	0.147	359	99	1	32.8422	-116.7683	603
259	2460	1995	0.058	0.068	0.098	0.116	0.111	0.146	0.144	0.12	0.135	0.131	0.099	0.098	0.146	359	99	1	32.8422	-116.7683	603
260	2460	1996	0.078	0.083	0.093	0.108	0.133	0.138	0.105	0.118	0.1	0.095	0.085	0.054	0.138	358	98	1	32.8422	-116.7683	603
261	2460	1997	0.061	0.074	0.102	0.092	0.109	0.09	0.136	0.117	0.105	0.101	0.085	0.05	0.136	357	100	1	32.8422	-116.7683	603
262	2460	1998	0.074	0.059	0.085	0.092	0.089	0.105	0.164	0.135	0.118	0.121	0.095	0.063	0.164	352	97	1	32.8422	-116.7683	603
263	2460	1999	0.07	0.103	0.084	0.111	0.099	0.124	0.099	0.112	0.114	0.108	0.098	0.056	0.124	354	98	1	32.8422	-116.7683	603
264	2460	2000	0.063	0.045	0.089	0.121	0.115	0.091	0.108	0.099	0.113	0.101	0.07	0.063	0.121	326	98	1	32.8422	-116.7683	603
265	2460	2001	0.063	0.064	0.087	0.094	0.135	0.112	0.105	0.118	0.101	0.099	0.071	0.064	0.135	361	99	1	32.8422	-116.7683	603
266	2460	2002	0.056	0.073	0.086	0.088	0.093	0.121	0.108	0.115	0.106	0.087	0.078	0.054	0.121	356	98	1	32.8422	-116.7683	603
267	2460	2003	0.059	0.064	0.083	0.088	0.116	0.102	0.108	0.112	0.125	0.1	0.058	0.073	0.125	348	96	1	32.8422	-116.7683	603
268	2460	2004	0.057	0.059	0.083	0.09	0.106	0.094	0.097	0.094	0.096	0.102	0.067	0.051	0.106	361	99	1	32.8422	-116.7683	603
269	2460	2005	0.056	0.056	0.073	0.1	0.106	0.089	0.113	0.098	0.097	0.088	0.076	0.051	0.113	362	99	1	32.8422	-116.7683	603
270	2460	2006	0.058	0.07	0.075	0.088	0.107	0.115	0.121	0.113	0.109	0.086	0.085	0.059	0.121	356	99	1	32.8422	-116.7683	603
271	2484	1980	0.06	0.1	0.11	0.29	0.23	0.32	0.35	0.29	0.41	0.37	0.23	0.15	0.41	362	99	1	34.1364	-117.9239	183
272	2484	1981	0.09	0.17	0.12	0.22	0.26	0.35	0.28	0.35	0.29	0.17	0.13	0.16	0.35	357	98	1	34.1364	-117.9239	183
273	2484	1982	0.07	0.17	0.13	0.18	0.25	0.23	0.26	0.32	0.36	0.23	0.12	0.1	0.36	355	98	1	34.1364	-117.9239	183
274	2484	1983	0.11	0.13	0.18	0.13	0.33	0.31	0.39	0.36	0.37	0.19	0.16	0.05	0.39	358	98	1	34.1364	-117.9239	183
275	2484	1984	0.09	0.14	0.19	0.26	0.28	0.24	0.31	0.29	0.29	0.22	0.16	0.06	0.31	366	100	1	34.1364	-117.9239	183
276	2484	1985	0.06	0.14	0.19	0.25	0.28	0.33	0.28	0.36	0.24	0.25	0.16	0.09	0.36	363	100	1	34.1364	-117.9239	183
277	2484	1986	0.11	0.25	0.19	0.17	0.24	0.31	0.24	0.24	0.31	0.23	0.12	0.06	0.31	362	100	1	34.1364	-117.9239	183
278	2484	1987	0.06	0.12	0.1	0.15	0.22	0.2	0.3	0.26	0.27	0.24	0.11	0.1	0.3	359	99	1	34.1364	-117.9239	183
279	2484	1988	0.06	0.09	0.14	0.19	0.28	0.22	0.3	0.27	0.27	0.25	0.16	0.06	0.3	359	98	1	34.1364	-117.9239	183
280	2484	1989	0.07	0.17	0.16	0.23	0.22	0.31	0.33	0.19	0.27	0.22	0.15	0.08	0.33	362	99	1	34.1364	-117.9239	183
281	2484	1990	0.06	0.1	0.18	0.15	0.17	0.21	0.23	0.21	0.23	0.21	0.07	0.06	0.23	360	100	1	34.1364	-117.9239	183
282	2484	1991	0.05	0.08	0.09	0.14	0.16	0.21	0.23	0.28	0.21	0.25	0.11	0.06	0.28	362	99	1	34.1364	-117.9239	183
283	2484	1992	0.06	0.1	0.11	0.27	0.19	0.17	0.25	0.26	0.21	0.19	0.1	0.03	0.27	364	99	1	34.1364	-117.9239	183
284	2484	1993	0.04	0.06	0.14	0.17	0.16	0.23	0.23	0.24	0.24	0.2	0.1	0.05	0.24	365	100	1	34.1364	-117.9239	183
285	2484	1994	0.049	0.061	0.11	0.151	0.187	0.192	0.198	0.251	0.185	0.124	0.067	0.035	0.251	365	100	1	34.1364	-117.9239	183
286	2484	1995	0.045	0.086	0.118	0.096	0.168	0.193	0.212	0.184	0.193	0.133	0.098	0.083	0.212	363	100	1	34.1364	-117.9239	183
287	2484	1996	0.046	0.049	0.088	0.133	0.172	0.17	0.157	0.196	0.13	0.181	0.052	0.043	0.196	364	100	1	34.1364	-117.9239	183
288	2484	1997	0.044	0.051	0.085	0.081	0.155	0.115	0.162	0.137	0.146	0.105	0.07	0.043	0.162	353	96	1	34.1364	-117.9239	183
289	2484	1998	0.036	0.048	0.091	0.093	0.076	0.15	0.18	0.195	0.145	0.124	0.082	0.046	0.195	354	94	1	34.1364	-117.9239	183
290	2484	1999	0.042	0.08	0.067	0.119	0.084	0.12	0.12	0.137	0.117	0.098	0.046	0.045	0.137	341	90	1	34.1364	-117.9239	183
291	2484	2000	0.037	0.05	0.078	0.103	0.174	0.129	0.135	0.161	0.156	0.097	0.043	0.039	0.174	366	100	1	34.1364	-117.9239	183
292	2484	2001	0.044	0.041	0.093	0.081	0.108	0.16	0.152	0.189	0.112	0.115	0.053	0.044	0.189	365	100	1	34.1364	-117.9239	183
293	2484	2002	0.046	0.063	0.096	0.096	0.091	0.127	0.133	0.129	0.136	0.083	0.06	0.046	0.136	360	98	1	34.1364	-117.9239	183
294	2484	2003	0.049	0.05	0.08	0.073	0.15	0.142	0.147	0.141	0.139	0.108	0.045	0.042	0.15	361	99	1	34.1364	-117.9239	183
295	2484	2004	0.046	0.05	0.097	0.094	0.123	0.134	0.121	0.116	0.126	0.086	0.048	0.045	0.134	357	99	1	34.1364	-117.9239	183
296	2484	2005	0.041	0.051	0.067	0.084	0.145	0.095	0.123	0.138	0.125	0.077	0.048	0.036	0.145	361	98	1	34.1364	-117.9239	183
297	2484	2006	0.049	0.062	0.054	0.091	0.112	0.151	0.165	0.097	0.127	0.069	0.054	0.039	0.165	359	99	1	34.1364	-117.9239	183
298	2492	1980	0.05	0.1	0.11	0.23	0.2	0.35	0.34	0.29	0.26	0.29	0.17	0.13	0.35	355	99	1	34.1758	-118.3169	168
299	2492	1981	0.05	0.1	0.09	0.13	0.24	0.24	0.21	0.24	0.27	0.1	0.09	0.07	0.27	357	99	1	34.1758	-118.3169	168
300	2492	1982	0.06	0.17	0.09	0.19	0.16	0.19	0.23	0.22	0.25	0.18	0.1	0.08	0.25	361	99	1	34.1758	-118.3169	168
301	2492	1983	0.06	0.13	0.13	0.1	0.26	0.19	0.31	0.26	0.28	0.19	0.12	0.06	0.31	351	98	1	34.1758	-118.3169	168
302	2492	1984	0.09	0.12	0.13	0.18	0.2	0.2	0.21	0.18	0.26	0.15	0.14	0.07	0.26	344	92	1	34.1758	-118.3169	168
303	2492	1985	0.05	0.15	0.13	0.23	0.18	0.27	0.24	0.3	0.22	0.19	0.14	0.07	0.3	359	100	1	34.1758	-118.3169	168
304	2492	1986	0.12	0.19	0.26	0.15	0.28	0.21	0.18	0.23	0.23	0.18	0.09	0.05	0.28	359	99	1	34.1758	-118.3169	168
305	2492	1987	0.08	0.11	0.11	0.15	0.19	0.2	0.22	0.19	0.23	0.2	0.09	0.07	0.23	361	99	1	34.1758	-118.3169	168
306	2492	1988	0.09	0.1	0.12	0.2	0.22	0.16	0.24	0.17	0.19	0.17	0.12	0.06	0.24	358	99	1	34.1758	-118.3169	168
307	2492	1989	0.05	0.09	0.13	0.2	0.16	0.2	0.2	0.15	0.16	0.14	0.12	0.06	0.2	355	99	1	34.1758	-118.3169	168
308	2492	1990	0.04	0.1	0.13	0.14	0.12	0.19	0.18	0.17	0.2	0.14	0.08	0.04	0.2	362	98	1	34.1758	-118.3169	168
309	2492	1991	0.05	0.08	0.07	0.16	0.15	0.22	0.2	0.21	0.17	0.2	0.09	0.03	0.22	355	97	1	34.1758	-118.3169	168
310	2492	1992	0.06	0.06	0.09	0.2	0.16	0.15	0.2	0.22	0.21	0.15	0.07	0.03	0.22	362	99	1	34.1758	-118.3169	168
311	2492	1993	0.04	0.06	0.09	0.11	0.11	0.17	0.13	0.16	0.17	0.18	0.08	0.03	0.18	363	100	1	34.1758	-118.3169	168
312	2492	1994	0.028	0.043	0.071	0.096	0.127	0.149	0.146	0.159	0.167	0.074	0.048	0.035	0.167	362	100	1	34.1758	-118.3169	168
313	2492	1995	0.035	0.05	0.076	0.064	0.107	0.162	0.165	0.143	0.144	0.099	0.087	0.053	0.165	362	100	1	34.1758	-118.3169	168
314	2492	1996	0.04	0.04	0.063	0.095	0.115	0.138	0.137	0.142	0.091	0.127	0.04	0.032	0.142	357	98	1	34.1758	-118.3169	168
315	2492	1997	0.034	0.046	0.082	0.075	0.113	0.09	0.134	0.123	0.106	0.093	0.059	0.038	0.134	349	90	1	34.1758	-118.3169	168
316	2492	1998	0.03	0.048	0.07	0.082	0.083	0.171	0.177	0.144	0.105	0.095	0.067	0.047	0.177	352	92	1	34.1758	-118.3169	168
317	2492	1999	0.048	0.074	0.067	0.112	0.084	0.101	0.12	0.117	0.095	0.086	0.051	0.048	0.12	355	97	1	34.1758	-118.3169	168
318	2492	2000	0.044	0.057	0.092	0.123	0.132	0.108	0.105	0.13	0.152	0.089	0.036	0.043	0.152	366	100	1	34.1758	-118.3169	168
319	2492	2001	0.045	0.045	0.081	0.078	0.107	0.129	0.112	0.128	0.093	0.092	0.041	0.038	0.129	358	100	1	34.1758	-118.3169	168
320	2492	2002	0.043	0.052	0.08	0.1	0.08	0.122	0.121	0.123	0.128	0.078	0.051	0.044	0.128	362	98	1	34.1758	-118.3169	168
321	2492	2003	0.048	0.046	0.084	0.08	0.126	0.118	0.134	0.126	0.13	0.113	0.049	0.037	0.134	337	95	1	34.1758	-118.3169	168
322	2492	2004	0.052	0.048	0.09	0.087	0.115	0.137	0.116	0.109	0.128	0.074	0.041	0.041	0.137	350	96	1	34.1758	-118.3169	168
323	2492	2005	0.042	0.051	0.062	0.095	0.137	0.073	0.11	0.142	0.096	0.075	0.056	0.044	0.142	357	97	1	34.1758	-118.3169	168
324	2492	2006	0.044	0.056	0.056	0.082	0.115	0.138	0.166	0.102	0.115	0.074	0.057	0.042	0.166	359	99	1	34.1758	-118.3169	168
325	2499	1980	0.08	0.07	0.13	0.27	0.24	0.26	0.32	0.3	0.22	0.2	0.15	0.08	0.32	353	97	1	34.24139	-117.275558	1384
326	2499	1981	0.06	0.09	0.15	0.2	0.26	0.31	0.29	0.35	0.25	0.14	0.13	0.12	0.35	359	99	1	34.24139	-117.275558	1384
327	2499	1982	0.1	0.13	0.12	0.17	0.19	0.22	0.32	0.27	0.24	0.2	0.1	0.05	0.32	361	99	1	34.24139	-117.275558	1384
328	2499	1983	0.08	0.1	0.14	0.17	0.27	0.26	0.25	0.27	0.28	0.12	0.11	0.06	0.28	360	100	1	34.24139	-117.275558	1384
329	2499	1984	0.08	0.11	0.15	0.2	0.27	0.28	0.34	0.27	0.21	0.21	0.12	0.06	0.34	358	100	1	34.24139	-117.275558	1384
330	2499	1985	0.07	0.11	0.12	0.24	0.21	0.3	0.28	0.26	0.22	0.15	0.12	0.07	0.3	362	99	1	34.24139	-117.275558	1384
331	2499	1986	0.1	0.08	0.19	0.18	0.24	0.26	0.24	0.25	0.26	0.13	0.09	0.07	0.26	363	99	1	34.24139	-117.275558	1384
332	2499	1987	0.06	0.07	0.12	0.18	0.17	0.22	0.29	0.24	0.26	0.19	0.08	0.07	0.29	356	100	1	34.24139	-117.275558	1384
333	2499	1988	0.06	0.08	0.16	0.2	0.29	0.21	0.24	0.25	0.25	0.15	0.1	0.07	0.29	364	100	1	34.24139	-117.275558	1384
334	2499	1989	0.08	0.13	0.2	0.2	0.25	0.25	0.27	0.24	0.21	0.14	0.1	0.09	0.27	364	100	1	34.24139	-117.275558	1384
335	2499	1990	0.05	0.09	0.16	0.19	0.14	0.33	0.22	0.25	0.3	0.18	0.09	0.06	0.33	361	99	1	34.24139	-117.275558	1384
336	2499	1991	0.07	0.08	0.1	0.13	0.18	0.18	0.27	0.25	0.21	0.15	0.1	0.08	0.27	362	99	1	34.24139	-117.275558	1384
337	2499	1992	0.05	0.07	0.1	0.28	0.2	0.22	0.24	0.25	0.2	0.15	0.09	0.05	0.28	364	99	1	34.24139	-117.275558	1384
338	2499	1993	0.05	0.06	0.16	0.17	0.15	0.23	0.19	0.24	0.19	0.14	0.12	0.05	0.24	362	100	1	34.24139	-117.275558	1384
339	2499	1994	0.052	0.079	0.13	0.165	0.161	0.265	0.216	0.2	0.168	0.144	0.077	0.057	0.265	363	99	1	34.24139	-117.275558	1384
340	2499	1995	0.046	0.072	0.089	0.11	0.128	0.173	0.205	0.256	0.167	0.134	0.085	0.061	0.256	365	100	1	34.24139	-117.275558	1384
341	2499	1996	0.048	0.057	0.089	0.154	0.234	0.194	0.215	0.177	0.114	0.1	0.072	0.043	0.234	362	100	1	34.24139	-117.275558	1384
342	2499	1997	0.05	0.059	0.108	0.096	0.147	0.114	0.205	0.154	0.144	0.118	0.083	0.053	0.205	350	88	1	34.24139	-117.275558	1384
343	2499	1998	0.055	0.05	0.104	0.109	0.104	0.202	0.244	0.206	0.168	0.128	0.091	0.058	0.244	359	99	1	34.24139	-117.275558	1384
344	2499	1999	0.064	0.079	0.091	0.122	0.131	0.174	0.146	0.145	0.13	0.11	0.077	0.059	0.174	362	100	1	34.24139	-117.275558	1384
345	2499	2000	0.052	0.057	0.101	0.105	0.174	0.176	0.163	0.153	0.09	0.097	0.057	0.049	0.176	352	100	1	34.24139	-117.275558	1384
346	2499	2001	0.055	0.058	0.085	0.095	0.156	0.157	0.17	0.162	0.117	0.086	0.065	0.054	0.17	365	100	1	34.24139	-117.275558	1384
347	2499	2002	0.053	0.076	0.073	0.107	0.108	0.149	0.161	0.139	0.121	0.092	0.063	0.051	0.161	361	100	1	34.24139	-117.275558	1384
348	2499	2003	0.05	0.054	0.078	0.089	0.155	0.163	0.163	0.138	0.134	0.097	0.053	0.054	0.163	328	94	1	34.24139	-117.275558	1384
349	2499	2004	0.05	0.074	0.101	0.106	0.121	0.163	0.132	0.138	0.124	0.089	0.052	0.055	0.163	352	95	1	34.24139	-117.275558	1384
350	2499	2005	0.059	0.056	0.085	0.11	0.157	0.138	0.166	0.182	0.118	0.09	0.06	0.051	0.182	343	100	1	34.24139	-117.275558	1384
351	2499	2006	0.048	0.063	0.064	0.11	0.132	0.137	0.164	0.121	0.128	0.084	0.063	0.051	0.164	361	99	1	34.24139	-117.275558	1384
352	2525	1980	0.05	0.12	0.15	0.17	0.19	0.2	0.22	0.2	0.23	0.29	0.18	0.1	0.29	358	95	1	33.788887	-117.227776	439
353	2525	1981	0.1	0.12	0.12	0.16	0.15	0.22	0.24	0.24	0.21	0.15	0.12	0.14	0.24	353	98	1	33.788887	-117.227776	439
354	2525	1982	0.09	0.12	0.13	0.16	0.19	0.19	0.2	0.22	0.28	0.14	0.11	0.06	0.28	356	99	1	33.788887	-117.227776	439
355	2525	1983	0.07	0.1	0.17	0.1	0.2	0.18	0.23	0.26	0.24	0.17	0.13	0.06	0.26	356	96	1	33.788887	-117.227776	439
356	2525	1984	0.09	0.09	0.15	0.16	0.2	0.2	0.21	0.22	0.18	0.17	0.1	0.04	0.22	358	96	1	33.788887	-117.227776	439
357	2525	1985	0.09	0.08	0.12	0.22	0.17	0.22	0.19	0.29	0.22	0.19	0.12	0.07	0.29	358	100	1	33.788887	-117.227776	439
358	2525	1986	0.1	0.15	0.12	0.12	0.2	0.18	0.2	0.22	0.17	0.17	0.1	0.05	0.22	362	99	1	33.788887	-117.227776	439
359	2525	1987	0.07	0.09	0.1	0.17	0.14	0.19	0.17	0.2	0.19	0.16	0.09	0.07	0.2	360	97	1	33.788887	-117.227776	439
360	2525	1988	0.06	0.1	0.11	0.17	0.15	0.17	0.18	0.19	0.23	0.17	0.12	0.05	0.23	355	98	1	33.788887	-117.227776	439
361	2525	1989	0.05	0.11	0.12	0.15	0.17	0.2	0.21	0.19	0.16	0.14	0.11	0.08	0.21	357	99	1	33.788887	-117.227776	439
362	2525	1990	0.05	0.09	0.13	0.14	0.12	0.19	0.17	0.18	0.16	0.16	0.08	0.06	0.19	361	99	1	33.788887	-117.227776	439
363	2525	1991	0.07	0.1	0.1	0.13	0.15	0.18	0.2	0.2	0.18	0.2	0.1	0.07	0.2	363	100	1	33.788887	-117.227776	439
364	2525	1992	0.06	0.11	0.09	0.21	0.16	0.16	0.17	0.16	0.16	0.19	0.1	0.04	0.21	363	100	1	33.788887	-117.227776	439
365	2525	1993	0.06	0.06	0.12	0.14	0.16	0.2	0.18	0.2	0.18	0.13	0.09	0.06	0.2	364	100	1	33.788887	-117.227776	439
366	2525	1994	0.07	0.07	0.11	0.142	0.15	0.169	0.184	0.174	0.153	0.129	0.077	0.051	0.184	362	100	1	33.788887	-117.227776	439
367	2525	1995	0.042	0.067	0.106	0.09	0.119	0.173	0.202	0.15	0.149	0.121	0.103	0.075	0.202	365	100	1	33.788887	-117.227776	439
368	2525	1996	0.056	0.054	0.1	0.11	0.18	0.139	0.149	0.169	0.116	0.143	0.067	0.041	0.18	365	100	1	33.788887	-117.227776	439
369	2525	1997	0.042	0.055	0.089	0.099	0.136	0.112	0.134	0.128	0.111	0.069	0.079	0.039	0.136	348	98	1	33.788887	-117.227776	439
370	2525	1998	0.037	0.041	0.071	0.071	0.076	0.117	0.147	0.149	0.131	0.116	0.067	0.046	0.149	362	99	1	33.788887	-117.227776	439
371	2525	1999	0.041	0.077	0.08	0.077	0.088	0.106	0.109	0.112	0.096	0.091	0.078	0.041	0.112	364	100	1	33.788887	-117.227776	439
372	2525	2000	0.04	0.046	0.081	0.115	0.116	0.136	0.164	0.135	0.116	0.121	0.058	0.052	0.164	366	100	1	33.788887	-117.227776	439
373	2525	2001	0.045	0.052	0.089	0.1	0.148	0.151	0.149	0.152	0.112	0.091	0.054	0.043	0.152	365	100	1	33.788887	-117.227776	439
374	2525	2002	0.056	0.065	0.113	0.105	0.098	0.125	0.125	0.147	0.11	0.084	0.063	0.052	0.147	359	100	1	33.788887	-117.227776	439
375	2525	2003	0.05	0.057	0.08	0.078	0.117	0.124	0.155	0.136	0.143	0.097	0.049	0.043	0.155	355	100	1	33.788887	-117.227776	439
376	2525	2004	0.047	0.053	0.093	0.08	0.098	0.128	0.11	0.121	0.114	0.088	0.042	0.039	0.128	363	99	1	33.788887	-117.227776	439
377	2525	2005	0.036	0.05	0.06	0.088	0.107	0.095	0.126	0.101	0.088	0.082	0.046	0.035	0.126	361	98	1	33.788887	-117.227776	439
378	2525	2006	0.042	0.042	0.061	0.098	0.114	0.155	0.169	0.125	0.109	0.084	0.068	0.049	0.169	349	99	1	33.788887	-117.227776	439
379	2589	1980	0.07	0.11	0.13	0.15	0.09	0.13	0.09	0.09	0.12	0.16	0.14	0.09	0.16	351	95	1	32.6314	-117.0592	56
380	2589	1981	0.08	0.13	0.12	0.09	0.1	0.11	0.17	0.1	0.1	0.11	0.1	0.13	0.17	354	96	1	32.6314	-117.0592	56
381	2589	1982	0.1	0.11	0.11	0.11	0.09	0.07	0.09	0.1	0.14	0.2	0.1	0.15	0.2	344	94	1	32.6314	-117.0592	56
382	2589	1983	0.09	0.1	0.12	0.14	0.12	0.08	0.1	0.13	0.11	0.21	0.1	0.07	0.21	334	91	1	32.6314	-117.0592	56
383	2589	1984	0.09	0.09	0.1	0.15	0.11	0.09	0.08	0.09	0.15	0.14	0.1	0.08	0.15	348	95	1	32.6314	-117.0592	56
384	2589	1985	0.07	0.09	0.1	0.09	0.09	0.12	0.14	0.11	0.13	0.2	0.11	0.08	0.2	351	96	1	32.6314	-117.0592	56
385	2589	1986	0.11	0.11	0.1	0.12	0.11	0.09	0.07	0.14	0.09	0.13	0.09	0.09	0.14	344	94	1	32.6314	-117.0592	56
386	2589	1987	0.1	0.11	0.08	0.11	0.1	0.07	0.09	0.09	0.11	0.13	0.16	0.08	0.16	350	96	1	32.6314	-117.0592	56
387	2589	1988	0.1	0.12	0.11	0.16	0.1	0.09	0.09	0.08	0.22	0.17	0.08	0.07	0.22	344	94	1	32.6314	-117.0592	56
388	2589	1989	0.08	0.11	0.13	0.13	0.09	0.14	0.1	0.08	0.16	0.14	0.16	0.09	0.16	358	98	1	32.6314	-117.0592	56
389	2589	1990	0.08	0.11	0.12	0.07	0.11	0.15	0.1	0.09	0.11	0.13	0.11	0.08	0.15	360	99	1	32.6314	-117.0592	56
390	2589	1991	0.07	0.12	0.12	0.12	0.11	0.08	0.07	0.08	0.1	0.15	0.09	0.06	0.15	350	97	1	32.6314	-117.0592	56
391	2589	1992	0.05	0.07	0.07	0.13	0.09	0.09	0.08	0.1	0.15	0.11	0.09	0.05	0.15	359	98	1	32.6314	-117.0592	56
392	2589	1993	0.074	0.065	0.072	0.107	0.075	0.109	0.088	0.076	0.133	0.107	0.088	0.064	0.133	357	98	1	32.6314	-117.0592	56
393	2589	1994	0.061	0.066	0.089	0.091	0.082	0.096	0.066	0.093	0.099	0.098	0.096	0.077	9.899998	360	99	1	32.6314	-117.0592	56
394	2589	1995	0.057	0.14	0.095	0.096	0.08	0.085	0.088	0.082	0.08	0.098	0.113	0.091	0.14	357	96	1	32.6314	-117.0592	56
395	2589	1996	0.072	0.066	0.084	0.091	0.089	0.098	0.082	0.083	0.084	0.09	0.082	0.047	9.799999	351	95	1	32.6314	-117.0592	56
396	2589	1997	0.062	0.074	0.105	0.101	0.113	0.069	0.077	0.104	0.108	0.116	0.117	0.082	0.117	352	96	1	32.6314	-117.0592	56
397	2589	1998	0.071	0.071	0.08	0.091	0.073	0.064	0.099	0.089	0.081	0.096	0.083	0.06	9.899998	354	97	1	32.6314	-117.0592	56
398	2589	1999	0.055	0.103	0.088	0.105	0.076	0.082	0.059	0.072	0.079	0.097	0.089	0.056	0.105	346	94	1	32.6314	-117.0592	56
399	2589	2000	0.053	0.055	0.089	0.091	0.077	0.083	0.075	0.068	0.09	0.071	0.064	0.054	9.100002	357	99	1	32.6314	-117.0592	56
400	2589	2001	0.058	0.056	0.095	0.07	0.079	0.083	0.059	0.081	0.102	0.092	0.067	0.056	0.102	359	100	1	32.6314	-117.0592	56
401	2589	2002	0.05	0.066	0.064	0.075	0.085	0.074	0.072	0.077	0.115	0.087	0.07	0.05	0.115	362	100	1	32.6314	-117.0592	56
402	2589	2003	0.056	0.045	0.068	0.045	0.054	0.056	0.06	0.053	0.066	0.075	0.043	0.047	7.499999	350	96	1	32.6314	-117.0592	56
403	2589	2004	0.073	0.069	0.073	0.09	0.097	0.077	0.056	0.075	0.085	0.09	0.062	0.049	0.097	356	98	1	32.6314	-117.0592	56
404	2589	2005	0.058	0.063	0.083	0.091	0.075	0.062	0.073	0.083	0.074	0.093	0.077	0.056	9.299999	354	97	1	32.6314	-117.0592	56
405	2589	2006	0.071	0.076	0.057	0.075	0.072	0.084	0.069	0.07	0.078	0.076	0.075	0.058	8.399999	358	98	1	32.6314	-117.0592	56
406	2596	1980	0.08	0.15	0.12	0.25	0.24	0.24	0.35	0.28	0.37	0.36	0.24	0.11	0.37	353	95	1	34.000557	-117.415276	250
407	2596	1981	0.15	0.16	0.13	0.17	0.17	0.23	0.27	0.3	0.29	0.14	0.16	0.12	0.3	345	98	1	34.000557	-117.415276	250
408	2596	1982	0.08	0.14	0.12	0.19	0.19	0.17	0.25	0.31	0.31	0.19	0.1	0.09	0.31	360	99	1	34.000557	-117.415276	250
409	2596	1983	0.08	0.11	0.18	0.14	0.28	0.27	0.33	0.36	0.29	0.18	0.15	0.06	0.36	360	98	1	34.000557	-117.415276	250
410	2596	1984	0.09	0.13	0.18	0.21	0.32	0.22	0.29	0.26	0.32	0.24	0.14	0.08	0.32	364	100	1	34.000557	-117.415276	250
411	2596	1985	0.07	0.15	0.14	0.29	0.26	0.29	0.35	0.34	0.25	0.25	0.17	0.09	0.35	358	99	1	34.000557	-117.415276	250
412	2596	1986	0.1	0.19	0.18	0.15	0.25	0.25	0.24	0.24	0.25	0.23	0.11	0.06	0.25	361	99	1	34.000557	-117.415276	250
413	2596	1987	0.06	0.09	0.12	0.18	0.2	0.23	0.24	0.27	0.29	0.21	0.09	0.09	0.29	363	100	1	34.000557	-117.415276	250
414	2596	1988	0.05	0.11	0.15	0.23	0.25	0.24	0.23	0.24	0.28	0.21	0.15	0.07	0.28	356	97	1	34.000557	-117.415276	250
415	2596	1989	0.07	0.14	0.21	0.17	0.19	0.25	0.27	0.22	0.26	0.2	0.13	0.09	0.27	363	100	1	34.000557	-117.415276	250
416	2596	1990	0.08	0.12	0.14	0.16	0.13	0.29	0.21	0.23	0.21	0.22	0.09	0.05	0.29	364	100	1	34.000557	-117.415276	250
417	2596	1991	0.06	0.1	0.1	0.13	0.16	0.2	0.22	0.24	0.24	0.23	0.1	0.07	0.24	361	99	1	34.000557	-117.415276	250
418	2596	1992	0.05	0.11	0.09	0.26	0.17	0.14	0.24	0.23	0.17	0.2	0.09	0.04	0.26	365	100	1	34.000557	-117.415276	250
419	2596	1993	0.05	0.05	0.1	0.15	0.18	0.2	0.22	0.19	0.26	0.17	0.11	0.07	0.26	356	96	1	34.000557	-117.415276	250
420	2596	1994	0.065	0.083	0.13	0.152	0.157	0.196	0.181	0.253	0.155	0.127	0.074	0.047	0.253	362	99	1	34.000557	-117.415276	250
421	2596	1995	0.045	0.074	0.125	0.1	0.136	0.169	0.213	0.153	0.153	0.133	0.103	0.08	0.213	362	100	1	34.000557	-117.415276	250
422	2596	1996	0.085	0.063	0.089	0.126	0.203	0.165	0.172	0.182	0.118	0.169	0.076	0.043	0.203	361	100	1	34.000557	-117.415276	250
423	2596	1997	0.041	0.05	0.103	0.108	0.152	0.112	0.165	0.187	0.136	0.111	0.081	0.045	0.187	327	87	1	34.000557	-117.415276	250
424	2596	1998	0.043	0.047	0.1	0.101	0.087	0.141	0.193	0.195	0.14	0.13	0.071	0.045	0.195	356	97	1	34.000557	-117.415276	250
425	2596	1999	0.048	0.086	0.089	0.117	0.1	0.131	0.142	0.131	0.115	0.091	0.071	0.042	0.142	356	98	1	34.000557	-117.415276	250
426	2596	2000	0.042	0.051	0.089	0.11	0.14	0.119	0.119	0.129	0.133	0.123	0.052	0.045	0.14	363	100	1	34.000557	-117.415276	250
427	2596	2001	0.043	0.054	0.094	0.088	0.119	0.127	0.125	0.143	0.132	0.106	0.051	0.04	0.143	365	100	1	34.000557	-117.415276	250
428	2596	2002	0.044	0.066	0.112	0.099	0.102	0.125	0.148	0.144	0.155	0.09	0.059	0.052	0.155	339	95	1	34.000557	-117.415276	250
429	2596	2003	0.044	0.054	0.09	0.076	0.137	0.147	0.159	0.157	0.169	0.114	0.051	0.044	0.169	361	99	1	34.000557	-117.415276	250
430	2596	2004	0.05	0.053	0.105	0.095	0.11	0.131	0.141	0.127	0.13	0.097	0.05	0.045	0.141	346	97	1	34.000557	-117.415276	250
431	2596	2005	0.047	0.065	0.074	0.108	0.144	0.109	0.134	0.121	0.108	0.095	0.063	0.045	0.144	350	97	1	34.000557	-117.415276	250
432	2596	2006	0.053	0.068	0.064	0.089	0.099	0.151	0.146	0.113	0.125	0.077	0.065	0.048	0.151	358	98	1	34.000557	-117.415276	250
433	2655	1980	0.03	0.06	0.04	0.08	0.06	0.08	0.12	0.11	0.11	0.12	0.05	0.06	0.12	348	98	1	38.31139	-122.294167	22
434	2655	1981	0.05	0.06	0.05	0.1	0.06	0.11	0.08	0.08	0.08	0.07	0.05	0.03	0.11	348	95	1	38.31139	-122.294167	22
435	2655	1982	0.03	0.05	0.05	0.07	0.08	0.06	0.08	0.09	0.08	0.09	0.05	0.03	8.999997	356	98	1	38.31139	-122.294167	22
436	2655	1983	0.03	0.04	0.04	0.07	0.09	0.09	0.1	0.09	0.11	0.07	0.04	0.03	0.11	354	97	1	38.31139	-122.294167	22
437	2655	1984	0.04	0.05	0.05	0.08	0.1	0.07	0.11	0.09	0.11	0.07	0.04	0.03	0.11	356	98	1	38.31139	-122.294167	22
438	2655	1985	0.03	0.06	0.05	0.11	0.07	0.09	0.08	0.07	0.09	0.11	0.07	0.03	0.11	351	98	1	38.31139	-122.294167	22
439	2655	1986	0.04	0.05	0.07	0.08	0.09	0.08	0.07	0.08	0.06	0.08	0.05	0.04	8.999997	336	93	1	38.31139	-122.294167	22
440	2655	1987	0.04	0.06	0.07	0.1	0.11	0.09	0.08	0.09	0.1	0.09	0.05	0.04	0.11	355	98	1	38.31139	-122.294167	22
441	2655	1988	0.04	0.06	0.09	0.1	0.09	0.06	0.09	0.09	0.08	0.09	0.04	0.04	0.1	360	98	1	38.31139	-122.294167	22
442	2655	1989	0.04	0.05	0.05	0.1	0.05	0.1	0.07	0.07	0.08	0.08	0.05	0.04	0.1	355	97	1	38.31139	-122.294167	22
443	2655	1990	0.03	0.04	0.04	0.05	0.08	0.09	0.09	0.08	0.09	0.06	0.05	0.04	8.999997	349	93	1	38.31139	-122.294167	22
444	2655	1991	0.05	0.06	0.07	0.05	0.06	0.06	0.08	0.06	0.11	0.11	0.07	0.04	0.11	344	95	1	38.31139	-122.294167	22
445	2655	1992	0.03	0.06	0.05	0.07	0.07	0.05	0.07	0.09	0.09	0.09	0.03	0.04	8.999997	342	94	1	38.31139	-122.294167	22
446	2655	1993	0.04	0.05	0.07	0.06	0.08	0.09	0.12	0.1	0.09	0.06	0.06	0.03	0.12	332	90	1	38.31139	-122.294167	22
447	2655	1994	0.039	0.039	0.06	0.057	0.065	0.092	0.062	0.091	0.09	0.077	0.037	0.034	9.200001	342	95	1	38.31139	-122.294167	22
448	2655	1995	0.04	0.04	0.053	0.069	0.053	0.13	0.105	0.095	0.112	0.069	0.042	0.044	0.13	334	93	1	38.31139	-122.294167	22
449	2655	1996	0.044	0.047	0.057	0.081	0.076	0.09	0.086	0.082	0.089	0.083	0.04	0.037	8.999997	342	93	1	38.31139	-122.294167	22
450	2655	1997	0.042	0.045	0.052	0.051	0.067	0.063	0.072	0.07	0.084	0.063	0.048	0.039	8.399999	356	98	1	38.31139	-122.294167	22
451	2655	1998	0.051	0.041	0.047	0.071	0.048	0.056	0.091	0.125	0.101	0.073	0.039	0.039	0.125	353	98	1	38.31139	-122.294167	22
452	2655	1999	0.037	0.042	0.05	0.076	0.053	0.078	0.115	0.103	0.098	0.09	0.047	0.04	0.115	355	98	1	38.31139	-122.294167	22
453	2655	2000	0.036	0.042	0.053	0.073	0.074	0.067	0.063	0.075	0.077	0.062	0.04	0.04	7.700002	360	98	1	38.31139	-122.294167	22
454	2655	2001	0.039	0.05	0.074	0.053	0.076	0.076	0.099	0.056	0.066	0.08	0.056	0.036	9.899998	350	95	1	38.31139	-122.294167	22
455	2655	2002	0.04	0.048	0.059	0.059	0.063	0.053	0.078	0.116	0.083	0.072	0.051	0.042	0.116	340	91	1	38.31139	-122.294167	22
456	2655	2003	0.037	0.04	0.064	0.053	0.085	0.105	0.088	0.077	0.1	0.061	0.039	0.041	0.105	349	95	1	38.31139	-122.294167	22
457	2655	2004	0.038	0.045	0.059	0.08	0.067	0.062	0.052	0.075	0.091	0.092	0.047	0.04	9.200001	354	98	1	38.31139	-122.294167	22
458	2655	2005	0.039	0.046	0.053	0.059	0.057	0.059	0.078	0.073	0.091	0.071	0.049	0.045	9.100002	362	99	1	38.31139	-122.294167	22
459	2655	2006	0.044	0.047	0.05	0.051	0.068	0.096	0.085	0.077	0.083	0.06	0.041	0.042	9.600002	362	99	1	38.31139	-122.294167	22
460	2898	1980	0.05	0.1	0.1	0.25	0.2	0.26	0.28	0.28	0.27	0.37	0.18	0.12	0.37	357	99	1	34.066666	-117.75	270
461	2898	1981	0.09	0.13	0.12	0.16	0.21	0.3	0.27	0.33	0.23	0.1	0.08	0.11	0.33	360	99	1	34.066666	-117.75	270
462	2898	1982	0.05	0.15	0.11	0.17	0.24	0.19	0.28	0.28	0.31	0.18	0.07	0.04	0.31	358	100	1	34.066666	-117.75	270
463	2898	1983	0.06	0.1	0.17	0.1	0.29	0.3	0.34	0.32	0.26	0.15	0.12	0.05	0.34	359	100	1	34.066666	-117.75	270
464	2898	1984	0.06	0.12	0.14	0.26	0.22	0.22	0.28	0.27	0.31	0.21	0.12	0.05	0.31	365	99	1	34.066666	-117.75	270
465	2898	1985	0.05	0.11	0.14	0.33	0.23	0.28	0.28	0.3	0.22	0.22	0.15	0.06	0.33	364	100	1	34.066666	-117.75	270
466	2898	1986	0.07	0.2	0.18	0.13	0.25	0.27	0.22	0.25	0.25	0.19	0.11	0.05	0.27	360	98	1	34.066666	-117.75	270
467	2898	1987	0.04	0.08	0.1	0.14	0.19	0.2	0.22	0.22	0.29	0.2	0.07	0.05	0.29	362	98	1	34.066666	-117.75	270
468	2898	1988	0.05	0.09	0.15	0.19	0.23	0.25	0.25	0.21	0.29	0.17	0.12	0.04	0.29	361	99	1	34.066666	-117.75	270
469	2898	1989	0.06	0.13	0.14	0.17	0.17	0.23	0.25	0.2	0.22	0.15	0.1	0.06	0.25	363	100	1	34.066666	-117.75	270
470	2898	1990	0.04	0.1	0.15	0.13	0.15	0.24	0.23	0.21	0.24	0.21	0.08	0.03	0.24	365	100	1	34.066666	-117.75	270
471	2898	1991	0.04	0.09	0.1	0.1	0.16	0.19	0.22	0.24	0.2	0.21	0.08	0.06	0.24	362	100	1	34.066666	-117.75	270
472	2898	1992	0.04	0.08	0.09	0.26	0.18	0.13	0.21	0.24	0.18	0.21	0.08	0.03	0.26	365	99	1	34.066666	-117.75	270
473	2898	1993	0.04	0.05	0.14	0.14	0.14	0.2	0.21	0.19	0.21	0.17	0.09	0.03	0.21	361	99	1	34.066666	-117.75	270
474	2898	1994	0.041	0.059	0.11	0.136	0.17	0.213	0.174	0.241	0.183	0.11	0.057	0.027	0.241	364	100	1	34.066666	-117.75	270
475	2898	1995	0.032	0.061	0.115	0.084	0.151	0.198	0.188	0.168	0.215	0.117	0.07	0.051	0.215	365	100	1	34.066666	-117.75	270
476	2898	1996	0.039	0.039	0.072	0.114	0.108	0.168	0.127	0.175	0.127	0.187	0.043	0.029	0.187	360	99	1	34.066666	-117.75	270
477	2898	1997	0.039	0.049	0.076	0.089	0.139	0.108	0.15	0.13	0.156	0.104	0.043	0.035	0.156	364	100	1	34.066666	-117.75	270
478	2898	1998	0.028	0.042	0.098	0.099	0.068	0.141	0.184	0.179	0.148	0.121	0.067	0.035	0.184	362	99	1	34.066666	-117.75	270
479	2898	1999	0.031	0.062	0.059	0.117	0.081	0.115	0.141	0.14	0.118	0.098	0.043	0.044	0.141	356	97	1	34.066666	-117.75	270
480	2898	2000	0.03	0.047	0.076	0.107	0.152	0.118	0.111	0.122	0.12	0.105	0.036	0.029	0.152	364	100	1	34.066666	-117.75	270
481	2898	2001	0.036	0.031	0.076	0.069	0.099	0.116	0.121	0.144	0.106	0.077	0.039	0.025	0.144	365	100	1	34.066666	-117.75	270
482	2898	2002	0.028	0.045	0.085	0.081	0.089	0.117	0.15	0.144	0.133	0.08	0.048	0.044	0.15	359	99	1	34.066666	-117.75	270
483	2898	2003	0.044	0.049	0.074	0.067	0.155	0.145	0.138	0.161	0.144	0.109	0.045	0.035	0.161	360	99	1	34.066666	-117.75	270
484	2898	2004	0.038	0.046	0.105	0.096	0.128	0.123	0.126	0.119	0.131	0.092	0.045	0.038	0.131	354	98	1	34.066666	-117.75	270
485	2898	2005	0.038	0.056	0.066	0.101	0.14	0.111	0.132	0.125	0.122	0.081	0.062	0.039	0.14	349	98	1	34.066666	-117.75	270
486	2898	2006	0.047	0.065	0.061	0.095	0.1	0.15	0.151	0.112	0.137	0.071	0.057	0.042	0.151	355	97	1	34.066666	-117.75	270
487	2899	1980	0.05	0.11	0.1	0.21	0.17	0.24	0.19	0.21	0.23	0.29	0.14	0.15	0.29	356	98	1	34.0664	-118.2267	87
488	2899	1981	0.06	0.14	0.09	0.15	0.28	0.32	0.18	0.27	0.22	0.14	0.1	0.08	0.32	357	99	1	34.0664	-118.2267	87
489	2899	1982	0.06	0.21	0.11	0.16	0.17	0.15	0.17	0.25	0.4	0.17	0.08	0.08	0.4	352	99	1	34.0664	-118.2267	87
490	2899	1983	0.06	0.11	0.1	0.1	0.19	0.15	0.22	0.25	0.26	0.17	0.14	0.06	0.26	360	100	1	34.0664	-118.2267	87
491	2899	1984	0.07	0.12	0.15	0.29	0.2	0.17	0.26	0.18	0.24	0.17	0.14	0.06	0.29	360	98	1	34.0664	-118.2267	87
492	2899	1985	0.06	0.11	0.15	0.23	0.16	0.26	0.21	0.3	0.17	0.18	0.14	0.09	0.3	358	99	1	34.0664	-118.2267	87
493	2899	1986	0.11	0.21	0.21	0.15	0.22	0.14	0.15	0.2	0.2	0.19	0.09	0.04	0.22	364	100	1	34.0664	-118.2267	87
494	2899	1987	0.06	0.1	0.09	0.16	0.13	0.14	0.2	0.17	0.22	0.18	0.09	0.07	0.22	356	98	1	34.0664	-118.2267	87
495	2899	1988	0.06	0.1	0.13	0.21	0.17	0.12	0.17	0.13	0.21	0.17	0.09	0.04	0.21	360	98	1	34.0664	-118.2267	87
496	2899	1989	0.06	0.1	0.14	0.18	0.13	0.19	0.18	0.13	0.25	0.15	0.11	0.04	0.25	361	99	1	34.0664	-118.2267	87
497	2899	1990	0.04	0.09	0.15	0.16	0.2	0.16	0.15	0.13	0.2	0.16	0.07	0.04	0.2	359	99	1	34.0664	-118.2267	87
498	2899	1991	0.05	0.08	0.08	0.14	0.11	0.17	0.15	0.14	0.19	0.15	0.08	0.04	0.19	354	97	1	34.0664	-118.2267	87
499	2899	1992	0.04	0.06	0.08	0.2	0.17	0.11	0.15	0.17	0.16	0.14	0.07	0.03	0.2	362	99	1	34.0664	-118.2267	87
500	2899	1993	0.03	0.05	0.1	0.11	0.16	0.13	0.11	0.13	0.14	0.13	0.07	0.03	0.16	364	100	1	34.0664	-118.2267	87
501	2899	1994	0.035	0.028	0.06	0.077	0.193	0.181	0.124	0.179	0.144	0.1	0.055	0.035	0.193	364	100	1	34.0664	-118.2267	87
502	2899	1995	0.038	0.061	0.098	0.075	0.111	0.133	0.15	0.123	0.167	0.107	0.074	0.061	0.167	363	100	1	34.0664	-118.2267	87
503	2899	1996	0.034	0.044	0.074	0.122	0.13	0.125	0.109	0.137	0.083	0.144	0.049	0.032	0.144	364	99	1	34.0664	-118.2267	87
504	2899	1997	0.037	0.055	0.076	0.08	0.1	0.075	0.102	0.12	0.11	0.068	0.06	0.037	0.12	360	99	1	34.0664	-118.2267	87
505	2899	1998	0.041	0.042	0.06	0.112	0.077	0.084	0.147	0.148	0.099	0.078	0.069	0.035	0.148	358	99	1	34.0664	-118.2267	87
506	2899	1999	0.041	0.077	0.068	0.128	0.091	0.105	0.09	0.107	0.073	0.107	0.045	0.035	0.128	359	97	1	34.0664	-118.2267	87
507	2899	2000	0.037	0.05	0.071	0.081	0.136	0.085	0.08	0.114	0.119	0.08	0.036	0.031	0.136	364	100	1	34.0664	-118.2267	87
508	2899	2001	0.034	0.037	0.079	0.076	0.097	0.095	0.079	0.116	0.091	0.101	0.059	0.04	0.116	361	100	1	34.0664	-118.2267	87
509	2899	2002	0.04	0.054	0.072	0.083	0.078	0.122	0.105	0.095	0.115	0.08	0.054	0.042	0.122	361	99	1	34.0664	-118.2267	87
510	2899	2003	0.046	0.053	0.086	0.073	0.152	0.118	0.095	0.11	0.101	0.115	0.047	0.036	0.152	360	99	1	34.0664	-118.2267	87
511	2899	2004	0.043	0.047	0.073	0.089	0.096	0.1	0.092	0.11	0.107	0.09	0.046	0.037	0.11	336	96	1	34.0664	-118.2267	87
512	2899	2005	0.04	0.045	0.056	0.08	0.121	0.07	0.082	0.114	0.087	0.062	0.053	0.037	0.121	354	97	1	34.0664	-118.2267	87
513	2899	2006	0.039	0.05	0.051	0.073	0.086	0.103	0.108	0.096	0.1	0.055	0.047	0.036	0.108	356	98	1	34.0664	-118.2267	87
514	2991	1980	0.05	0.09	0.09	0.13	0.1	0.12	0.12	0.12	0.12	0.13	0.11	0.09	0.13	321	93	1	34.2522	-119.1431	34
515	2991	1981	0.08	0.13	0.08	0.13	0.12	0.16	0.11	0.1	0.14	0.1	0.12	0.09	0.16	336	84	1	34.2522	-119.1431	34
516	2991	1982	0.07	0.15	0.12	0.13	0.12	0.1	0.11	0.08	0.11	0.1	0.11	0.12	0.15	353	98	1	34.2522	-119.1431	34
517	2991	1983	0.06	0.1	0.07	0.08	0.12	0.1	0.13	0.13	0.14	0.15	0.13	0.08	0.15	312	91	1	34.2522	-119.1431	34
518	2991	1984	0.07	0.09	0.14	0.11	0.11	0.1	0.08	0.09	0.12	0.07	0.07	0.08	0.14	334	91	1	34.2522	-119.1431	34
519	2991	1985	0.07	0.1	0.08	0.15	0.11	0.11	0.12	0.12	0.14	0.11	0.11	0.09	0.15	350	96	1	34.2522	-119.1431	34
520	2991	1986	0.09	0.13	0.18	0.17	0.12	0.1	0.09	0.1	0.1	0.11	0.09	0.07	0.18	335	93	1	34.2522	-119.1431	34
521	2991	1987	0.08	0.1	0.1	0.14	0.1	0.16	0.11	0.1	0.15	0.18	0.1	0.08	0.18	357	98	1	34.2522	-119.1431	34
522	2991	1988	0.08	0.09	0.09	0.11	0.1	0.1	0.12	0.09	0.16	0.13	0.1	0.08	0.16	360	98	1	34.2522	-119.1431	34
523	2991	1989	0.07	0.11	0.11	0.19	0.1	0.13	0.11	0.11	0.1	0.11	0.09	0.07	0.19	328	88	1	34.2522	-119.1431	34
524	2991	1990	0.08	0.11	0.1	0.11	0.07	0.09	0.09	0.09	0.12	0.11	0.08	0.06	0.12	333	91	1	34.2522	-119.1431	34
525	2991	1991	0.08	0.09	0.1	0.098	0.085	0.104	0.092	0.118	0.12	0.12	0.12	0.08	0.12	347	98	1	34.2522	-119.1431	34
526	2991	1992	0.07	0.05	0.118	0.141	0.081	0.095	0.103	0.102	0.088	0.113	0.107	0.056	0.141	360	99	1	34.2522	-119.1431	34
527	2991	1993	0.067	0.069	0.08	0.108	0.138	0.104	0.099	0.11	0.115	0.093	0.09	0.073	0.138	361	99	1	34.2522	-119.1431	34
528	2991	1994	0.06	0.071	0.08	0.086	0.095	0.115	0.099	0.096	0.109	0.091	0.064	0.048	0.115	360	98	1	34.2522	-119.1431	34
529	2991	1995	0.044	0.064	0.083	0.083	0.075	0.077	0.076	0.07	0.096	0.124	0.098	0.07	0.124	364	100	1	34.2522	-119.1431	34
530	2991	1996	0.056	0.069	0.095	0.117	0.121	0.094	0.096	0.094	0.094	0.099	0.062	0.043	0.121	358	98	1	34.2522	-119.1431	34
531	2991	1997	0.045	0.068	0.102	0.086	0.089	0.078	0.074	0.075	0.099	0.083	0.074	0.048	0.102	359	98	1	34.2522	-119.1431	34
532	2991	1998	0.053	0.053	0.063	0.094	0.077	0.065	0.106	0.08	0.086	0.08	0.068	0.047	0.106	351	96	1	34.2522	-119.1431	34
533	2991	1999	0.052	0.07	0.069	0.086	0.072	0.069	0.072	0.077	0.071	0.103	0.063	0.046	0.103	355	96	1	34.2522	-119.1431	34
534	2991	2000	0.05	0.052	0.065	0.073	0.061	0.084	0.077	0.078	0.077	0.076	0.054	0.048	8.399999	358	98	1	34.2522	-119.1431	34
535	2991	2001	0.05	0.048	0.075	0.065	0.079	0.069	0.072	0.072	0.073	0.094	0.065	0.042	9.399998	361	98	1	34.2522	-119.1431	34
536	2991	2002	0.045	0.067	0.061	0.07	0.069	0.083	0.086	0.074	0.071	0.073	0.062	0.047	8.600003	354	97	1	34.2522	-119.1431	34
537	2991	2003	0.049	0.052	0.07	0.065	0.08	0.07	0.072	0.065	0.079	0.081	0.054	0.041	8.099997	361	99	1	34.2522	-119.1431	34
538	2991	2004	0.047	0.056	0.068	0.066	0.069	0.067	0.065	0.07	0.084	0.062	0.053	0.046	8.399999	361	98	1	34.2522	-119.1431	34
539	2991	2005	0.042	0.048	0.058	0.064	0.076	0.07	0.067	0.074	0.075	0.063	0.072	0.044	7.599998	361	99	1	34.2522	-119.1431	34
540	2991	2006	0.05	0.052	0.054	0.065	0.071	0.068	0.063	0.064	0.089	0.061	0.056	0.044	8.899999	363	100	1	34.2522	-119.1431	34